site,kind,mutates,guard,handled,note
Assets.Scripts.Atmospherics/Atmosphere.cs::CalculateDirectionVectorsMixInWorld,read,no,,,"Wind direction only: reads ReadonlyGlobalAtmosphere pressure vs this cell's start pressure to push Direction; skips read-only neighbours for their Direction write. Uses Chemistry.GridVolume (8000 L) as absolute scale. | closure pass: L1980 reads ReadonlyGlobalAtmosphere pressure for the wind Direction vector; L1983 skips entries that are the read-only copy. Only Direction (not gas) is written, on real cells"
Assets.Scripts.Atmospherics/Atmosphere.cs::CalculateGiveWeightsMixInWorld,internal,no,,,"Computes give weights for the outdoor mix; for a read-only neighbour keeps PressureRatioPreTake instead of recomputing. No gas moved here. Absolute: Chemistry.GridVolume, clamp 0.1..10. | closure pass: L1943 reads IsGlobalAtmosphere of a _mixingAtmos entry to choose the pressure ratio; writes only MixData weights. Uses absolute Chemistry.GridVolume (8000 L) as threshold"
Assets.Scripts.Atmospherics/Atmosphere.cs::CalculateTakeWeights,read,no,,,"Sets TakeWeight = 1/max(OpenNeighbors+1,2) on every _mixingAtmos entry incl. the read-only copy; MixData bookkeeping only, no gas. No IsGlobalAtmosphere guard and none needed"
Assets.Scripts.Atmospherics/Atmosphere.cs::CanGiveLiquidTo,read,no,,,"Predicate: refuses liquid transfer to the read-only copy (IsGlobalAtmosphere => false), so GiveLiquids/EqualizeLiquidsToNeighbours never drain liquid into the planet. Liquid cannot reach the tank by flow, only via Deregister and LerpToGlobalAtmosphere."
Assets.Scripts.Atmospherics/Atmosphere.cs::CheckStressOnStructuresClient,read,no,,,Client: samples neighbour pressure (real cell or planet copy) to set Structure.Stressed. Pure read.
Assets.Scripts.Atmospherics/Atmosphere.cs::DoOpenNeighbours,read,no,,,Neighbour topology: cells either side of the space line (IsInSpaceAtmosphere; PAS.SpaceHeight 1000 m absolute) are not neighbours. No gas.
Assets.Scripts.Atmospherics/Atmosphere.cs::GetMinimumGasVolume,none,no,,,"Returns Chemistry.MinimumGasVolume x100 for World/Global modes. Absolute per-cell constant, not tank-scale."
Assets.Scripts.Atmospherics/Atmosphere.cs::GiveAtmospheresMixInWorld,gated,yes,reference.atmos.IsGlobalAtmosphere => PlanetaryAtmosphereSimulation.GiveToGlobal(...) (1783-1785),,"Outdoor mix give step: the share owed to a read-only neighbour goes to switched PAS.GiveToGlobal (credits tank, books heat difference into ExternalInputEnergyOffset). Gas only (MatterState.Gas). | closure pass: L1780 takes the MixData ref; the share for a read-only entry goes to PAS.GiveToGlobal (switched), real entries get RemoveInto. No bypass"
Assets.Scripts.Atmospherics/Atmosphere.cs::IsCloseToGlobal,read,no,,,"Compares this cell pressure and 13 gas quantities with ReadonlyGlobalAtmosphere; pure read. Absolute constants: clamp 0.04..1.0 of OneAtmosphere, GlobalAtmosphereNeighbourThreshold"
Assets.Scripts.Atmospherics/Atmosphere.cs::IsValidWorld,read,no,,,Identity check: SampleGlobalAtmosphere(WorldGrid) == this. No gas.
Assets.Scripts.Atmospherics/Atmosphere.cs::LastNetworkUpdateTime,none,no,,,Census member mis-attribution: line 362 is the definition of property IsGlobalAtmosphere => Mode == Global. No planet access.
Assets.Scripts.Atmospherics/Atmosphere.cs::LerpToGlobalAtmosphere,gated,yes,PAS.TakeGlobalGasMix(Volume) (1713) / PAS.GiveToGlobal(target) (1716),,"Open outdoor cell with read-only neighbours relaxes toward planet air: takes a cell-volume of tank gas AND liquid, lerps gases and liquids (t = LerpRate 0.2..1 by WorldAtmospheresCount/20000, absolute), returns the remainder via GiveToGlobal (heat -> ExternalInputEnergyOffset). Above SpaceHeight the target is vacuum but what is shed still goes to GiveToGlobal: no sink in space. LerpLiquids means tank liquid (global sea) exchanges with cells here."
Assets.Scripts.Atmospherics/Atmosphere.cs::MixData,display,no,,,"Census member mis-attribution: lines 321/324 are the DisplayName switch strings ('WorldAtmosphere: x,y,z' / 'Global Atmosphere'). Debug naming only. | closure pass: L213 is the field declaration MixData[] _mixingAtmos = new MixData[7]; the MixData ctor only caches GetGasVolume()"
Assets.Scripts.Atmospherics/Atmosphere.cs::MixLiquids,internal,yes,"implicit only: if (!(reference.atmos.TotalVolumeLiquids <= LiquidSolver.RenderThreshold(reference.atmos))) (L1879); the read-only copy is built gas-only (GlobalGasMix.ToInstancedGasMixture -> GasMixtureHelper.Create(this, MatterState.Gas)) so its liquid volume is always 0 and it is skipped",,Cell-to-cell liquid mixing: 40 % (_mixSpeed) of each entry liquid per tick pooled and returned mole-for-mole. NO explicit IsGlobalAtmosphere guard: safe only while ReadOnlyGlobal carries no liquid. If a mod ever puts tank liquid into the copy this becomes a free liquid source+sink. Liquids; absolute RenderThreshold 0.3 L
Assets.Scripts.Atmospherics/Atmosphere.cs::PrepareDataMixInWorld,gated,yes,"else-branch AtmosphericsController.CloneGlobalAtmosphere(worldGrid, 0L, setStateActive: false) (2046); read-only neighbours admitted only when IsCloseToGlobal or WorldAtmospheresCount >= 20000 (2035-2039)",,"Builds the mix list. If the cell is close to planet air (GlobalAtmosphereNeighbourThreshold 100, absolute, scaled by planet pressure) or there are >= 20000 world cells (absolute), neighbours are sampled and the read-only copy enters _mixingAtmos; gas take/give for those is switched (TakeAtmospherePortion / GiveAtmospheresMixInWorld). Otherwise neighbours are cloned (debits tank). RESIDUAL BYPASS one level down: the copy also lands in _mixingAtmos, and MixLiquids (1871-1888, not a census site) does reference.atmos.GasMixture.RemoveInto(liquid) on every entry with no IsGlobalAtmosphere check: when the tank holds liquid above RenderThreshold, planet liquid is pulled into the pot free and the share handed back to the copy is discarded (mole count of real cells conserved, composition not). Liquid / global sea. | closure pass: L2029/L2055 add this cell and each open neighbour to _mixingAtmos. The read-only copy DOES enter _mixingAtmos when IsCloseToGlobal or WorldAtmospheresCount >= 20000 (absolute). Downstream all guarded: TakeAtmospherePortion (TakeGlobalMoles), GiveAtmospheresMixInWorld (GiveToGlobal), CanGiveLiquidTo and SpawnLiquidSolverParticles check IsGlobalAtmosphere, MixLiquids skips it because it holds no liquid. Latent game bug: tests atmosphere == null then dereferences it"
Assets.Scripts.Atmospherics/Atmosphere.cs::ReactWithCell,gated,yes,"World: PAS.RemoveEnergy / PAS.AddEnergy (2294, 2298); Network/Thing: AtmosphereHelper.DoConvection clones when Mode == Global (2338, 2381 samples), DoEntropy -> PAS.AddEnergy",,"Heat only. A World cell with no room/cell radiates to or from ReadonlyGlobalAtmosphere, booked through switched PAS.AddEnergy/RemoveEnergy (ExternalInputEnergyOffset). Pipe networks and thing atmospheres sample outdoor air for convection (DoConvection clones a real cell if it is the copy) and radiate via DoEntropy -> PAS.AddEnergy. Every radiating pipe/tank outdoors feeds the planet heat counter; the counter is divided by tank heat capacity, so at 0.05 volume each joule moves the planet 20x more. Solar gain (HasLight) is added from nowhere by design. | closure pass: L2289 reads ReadonlyGlobalAtmosphere only as the temperature reference for GetRadiatedHeat; the energy moved on the real cell is mirrored into the PAS energy counter (ExternalInputEnergyOffset). Heat counter site; rate factors RatioOneAtmosphere*10 and 0.1*suppression are absolute"
Assets.Scripts.Atmospherics/Atmosphere.cs::ReactWithStructures,read,no,,,Samples neighbour pressure for wall stress and damage. Pure read.
Assets.Scripts.Atmospherics/Atmosphere.cs::RecachePressureAfterLiquidMix,read,no,,,"Rebuilds each MixData from the entry PressureGasses after liquid mixing; reads only, incl. the read-only copy"
Assets.Scripts.Atmospherics/Atmosphere.cs::SpawnLiquidSolverParticles,internal,yes,!_lowerNeighbour.IsGlobalAtmosphere (1903); !flatNeighbour.IsGlobalAtmosphere (1919),,Spawns liquid particles from this real cell toward real neighbours only; the read-only copy is explicitly excluded. Liquid moves between real cells.
Assets.Scripts.Atmospherics/Atmosphere.cs::StateChange,internal,yes,Mode == AtmosphereMode.Global => return (2903),,Per-cell phase change; skips the read-only copy. Does not touch the planet.
Assets.Scripts.Atmospherics/Atmosphere.cs::TakeAtmospherePortion,gated,yes,"atmosphere.IsGlobalAtmosphere => PAS.TakeGlobalMoles(PAS.GetGlobalMoles(Gas) * takeScalar, Gas) (1663-1665)",,"Outdoor mix take step: the share from a read-only neighbour is taken from the tank through switched GetGlobalMoles/TakeGlobalMoles (per-cell moles = tank x GridVolume/GlobalVolume, so it scales with tank volume). Gas only."
Assets.Scripts.Atmospherics/Atmosphere.cs::TakeAtmospheresMixInWorld,gated,yes,"callee TakeAtmospherePortion: if (atmosphere.IsGlobalAtmosphere) PlanetaryAtmosphereSimulation.TakeGlobalMoles(GetGlobalMoles(Gas) * takeScalar, Gas) (L1663-1665)",,Takes TakeWeight of each entry into the pool; for a read-only entry the helper debits the tank through the switched TakeGlobalMoles and never Removes from the copy. Amount = GetGlobalMoles*takeScalar as returned by the switched method: check its per-cell scaling when tank volume is x0.05
Assets.Scripts.Atmospherics/Atmosphere.cs::Temperature,read,no,,,"Temperature getter: clients use a cached value except for Mode Global, which reads GasMixture directly."
Assets.Scripts.Atmospherics/Atmosphere.cs::UpdateTolerance,none,no,,,Network dirty tolerance by Mode (Global => Precision). No gas.
Assets.Scripts.Atmospherics/AtmosphereHelper.cs::CalculateEntropy,read,no,,,"Reads ReadonlyGlobalAtmosphere temperature (floor 50 K if < 1 K) as the radiation sink temperature; returns an energy and mutates nothing (DoEntropy does, via switched PAS.AddEnergy). Absolute: 50 K floor, PressureMinimumSafe lerp, clamp to TotalEnergy/2"
Assets.Scripts.Atmospherics/AtmosphereHelper.cs::DoConvection,gated,yes,worldAtmosphere.Mode != AtmosphereMode.Global (536) else AtmosphericsManager.CloneGlobalAtmosphereThreadSafe(grid) (545),,Heat only: transfers convection energy between an internal atmosphere and the outdoor cell; if outdoor is the read-only copy it clones a real cell first (debits tank). Side effect: every convecting pipe/thing outdoors instantiates a real cell.
Assets.Scripts.Atmospherics/AtmosphereHelper.cs::DoEntropy,gated,yes,PlanetaryAtmosphereSimulation.AddEnergy(internalAtmosphere.GasMixture.RemoveEnergy(...)) (526),,Heat only: radiated energy removed from the internal atmosphere and credited to switched PAS.AddEnergy (ExternalInputEnergyOffset). One-way: planet only gains.
Assets.Scripts.Atmospherics/AtmosphereHelper.cs::IsSubmerged,read,no,,,"Both overloads: GlobalAtmosphereLiquid.IsUnderGlobalLiquid(point), then local cell liquid level (AtmosphericsManager.Find). Global sea read only."
Assets.Scripts.Atmospherics/AtmosphereHelper.cs::IsValidForNetworkSend,read,no,,,Identity check by ReferenceId against SampleGlobalAtmosphere. No gas.
Assets.Scripts.Atmospherics/AtmosphericsManager.cs::CalculateParticleAtmospheres,display,no,,,Both overloads: read atmosphere.Direction for gas visualiser particles.
Assets.Scripts.Atmospherics/AtmosphericsManager.cs::CloneGlobalAtmosphereThreadSafe,gated,yes,AtmosphericsManager.Find(worldGrid) else AtmosphericsController.World.CloneGlobalAtmosphere under _worldAtmosphereCreationLock (758-768),,"Thread-safe wrapper that always returns a real cell, creating one through CloneGlobalAtmosphere -> PAS.CloneGlobalGasMix (switched debit). CloneGlobalGasMix copies ALL matter states scaled by cell/tank volume (so tank liquid materialises in the new cell) and returns empty above SpaceHeight."
Assets.Scripts.Atmospherics/AtmosphericsManager.cs::Deregister,gated,yes,PlanetaryAtmosphereSimulation.GiveToGlobal(atmosphere.GasMixture) (391),,"World cell destroyed: its entire mixture (gas AND liquid) handed to switched GiveToGlobal; heat difference booked to ExternalInputEnergyOffset. Also applies to cells above SpaceHeight, so gas up there returns to the planet. Liquids enter the tank here (global sea source)."
Assets.Scripts.Atmospherics/AtmosphericsManager.cs::ParticleMode,read,no,,,Census member mis-attribution: line 125 is inside the ProcessAtmospheresClientAction lambda; !IsGlobalAtmosphere => IsCachable = true. Keeps the read-only copy uncached on clients. No gas.
Assets.Scripts.Atmospherics/AtmosphericsManager.cs::ProcessAtmospheresClient,internal,yes,,,"Client tick calls PAS.TickPlanetarySimulation(): phase change, cloud tipping, weather scheduling and the read-only rebuild run on clients against a tank that is not networked (client tank can diverge from host). Absolute rates inside (MINMeltQuantity 1000 mol, MINLiquidFreezeQuantity 3000 mol, clouds 100000 L, caps 1e7 L). Latent heat -> LatentEnergyOffset."
Assets.Scripts.Atmospherics/GasMixtureHelper.cs::Create,internal,no,,,"Create(GlobalGasMix, matterState): builds an UNSCALED GasMixture copy of the whole tank at the planet temperature (GetGlobalGasMixTemperature with WorldSetting GlobalAtmosphereData). Used by PAS.GetGlobalGasMixCopy. Copy only."
Assets.Scripts.Atmospherics/LiquidSolver.cs::BuildDistantGlobalWater,display,no,,,"Renders the distant global sea: GlobalAtmosphereLiquid.LiquidHeight / ratio, colour from PAS.GetGlobalGasMixCopy(All). Hard-coded render extents. Global sea display."
Assets.Scripts.Atmospherics/LiquidSolver.cs::BuildGlobalRenderBatches,display,no,,,Renders near global sea batches (25x25x4 cells around camera) from GlobalAtmosphereLiquid and tank copy colour. Global sea display.
Assets.Scripts.Atmospherics/TerraForming.cs::GetGhgIndex,internal,no,,,"Sums each gas's curve at mmol/L = tank moles / tank Volume. Density based, so it scales with tank volume. Feeds the temperature formula."
Assets.Scripts.GridSystem/Room.cs::CacheRoomData,read,no,,,Sums sampled atmospheres of the room's grids into a local GasMixture for cached pressure/temperature. A room grid with no real cell contributes the planet copy (reads as outdoor air). Read only; Chemistry.GridVolume divisor.
Assets.Scripts.Inventory/InventoryManager.cs::DebugContentsMethod,display,no,,,Debug gas list of Parent.BreathingAtmosphere
Assets.Scripts.Inventory/InventoryManager.cs::HandleHeatHaze,display,no,,,Helmet frost / heat haze from Parent.WorldAtmosphere temperature.
Assets.Scripts.Localization2/GameStrings.cs::(type),none,no,,,GameString named BreathingAtmosphere (Occupant Atmosphere): name collision
Assets.Scripts.Objects.Clothing.Suits/SuitModuleHelper.cs::HandleFilters,bypass,yes,NONE,"accepted: filtered suit waste is lost outdoors, only for suits without a waste tank slot; filter rate, a breath's worth per tick","SINK. For suits with no waste tank slot (SuitBase.HasWasteTankSlot => wasteTankSlotId > -1; which prefabs have -1 is prefab data not visible in the decompile; Suit.cs hardcodes true) GasFilter.FilterGas moves suit gas by ref into suit.WorldAtmosphere.GasMixture (54); outdoors that is the read-only copy, so filtered CO2/pollutant is destroyed instead of reaching the planet. Rate: filter rate per tick, small."
Assets.Scripts.Objects.Clothing.Suits/SuitModuleHelper.cs::RegulatePressure,bypass,yes,NONE,"accepted: suit over-pressure relief is lost outdoors, only for suits without a waste tank slot; grams","SINK. Over-pressure relief for suits without a waste tank slot: suit.InternalAtmosphere.Remove(...) then suit.WorldAtmosphere.Add(gasMixture) (79) with no global check; outdoors the gas vanishes. Amount = min(PressurePerTick x Efficiency, overpressure) sized on WorldAtmosphere.Volume (66; 8000 L for the copy, absolute). Same prefab-data caveat as HandleFilters."
Assets.Scripts.Objects.Clothing/AdvancedSuit.cs::GetLogicValue,read,no,,,TemperatureExternal / PressureExternal from WorldAtmosphere.
Assets.Scripts.Objects.Clothing/SuitBase.cs::BreathingAtmosphere,none,no,,,Private property forwarding ParentEntity.BreathingAtmosphere (else own InternalAtmosphere); nothing in SuitBase references it: dead code
Assets.Scripts.Objects.Clothing/SuitBase.cs::CalculateAdjustedConvectionFactor,read,no,,,Reads WorldAtmosphere temperature and AtmosphereHelper.CalculateConvection (pure calculation) to derive a convection factor. The actual heat transfer happens in Atmosphere.ReactWithCell (gated).
Assets.Scripts.Objects.Clothing/SuitBase.cs::ConvectionFactor,read,no,,,Null check on WorldAtmosphere then CalculateAdjustedConvectionFactor.
Assets.Scripts.Objects.Clothing/SuitBase.cs::GetLogicValue,read,no,,,TemperatureExternal / PressureExternal from WorldAtmosphere.
Assets.Scripts.Objects.Electrical/Battery.cs::OnAtmosphericTick,gated,yes,"AtmosphericsController.CloneGlobalAtmosphere(WorldGrid, 0L) (553)",,Heat only: every charged station battery outdoors clones a real cell each tick and adds 10..50 J (absolute) self-discharge heat. Side effect: keeps a real outdoor cell alive per battery.
Assets.Scripts.Objects.Electrical/CircuitHousing.cs::HaltAndCatchFire,gated,yes,"AtmosphericEventInstance.CloneGlobal(WorldGrid, MoleEnergy.Zero, spark: true) (248) -> CloneGlobalAtmosphere",,"Clones a real cell and sparks it (zero energy), then explodes. No gas created."
Assets.Scripts.Objects.Electrical/GasSensor.cs::(type),none,no,,,Field declaration: public Atmosphere WorldAtmosphere (stores the sample; see WRAPPER row).
Assets.Scripts.Objects.Electrical/GasSensor.cs::AirIgnited,read,no,,,"Reads Sparked. | closure pass: L24 calls FindAtmosphere() to refresh the cached sample, then reads Sparked"
Assets.Scripts.Objects.Electrical/GasSensor.cs::AirPressure,read,no,,,"Reads pressure. | closure pass: L33 calls FindAtmosphere() to refresh the cached sample, then reads pressure"
Assets.Scripts.Objects.Electrical/GasSensor.cs::AirTemperature,read,no,,,"Reads temperature. | closure pass: L60 calls FindAtmosphere() to refresh the cached sample, then reads temperature"
Assets.Scripts.Objects.Electrical/GasSensor.cs::FindAtmosphere,read,no,,,"WorldAtmosphere = SampleGlobalAtmosphere(WorldGrid), once per frame on main thread. Stores the sample in a public field (WRAPPER). | closure pass: L192 declaration: stores SampleGlobalAtmosphere in the public field GasSensor.WorldAtmosphere (once per frame); every user in the class only reads"
Assets.Scripts.Objects.Electrical/GasSensor.cs::GasRatio,read,no,,,"AtmosphereHelper.GasRatio on the sample. | closure pass: L184 calls FindAtmosphere() to refresh the cached sample, then reads a gas ratio"
Assets.Scripts.Objects.Electrical/GasSensor.cs::GetPassiveTooltip,display,no,,,Tooltip text from the sample.
Assets.Scripts.Objects.Electrical/GasSensor.cs::PartialPressureO2,read,no,,,"Reads partial pressure. | closure pass: L69 calls FindAtmosphere() to refresh the cached sample, then reads O2 partial pressure"
Assets.Scripts.Objects.Electrical/GasSensor.cs::TotalMoles,read,no,,,"Reads TotalMoles of the 8000 L sample (per cell, not the tank). | closure pass: L42 calls FindAtmosphere() to refresh the cached sample, then reads total moles"
Assets.Scripts.Objects.Electrical/GasSensor.cs::VolumeOfLiquid,read,no,,,"Reads TotalVolumeLiquids of the sample; outdoors this is tank liquid scaled to one cell. | closure pass: L51 calls FindAtmosphere() to refresh the cached sample, then reads liquid volume"
Assets.Scripts.Objects.Electrical/HydroponicsAutomated.cs::GetPassiveTooltip,none,no,,,Name collision: Localization.GetInterface('WorldAtmosphere') string for a connector tooltip.
Assets.Scripts.Objects.Electrical/HydroponicsAutomated.cs::IsOperable,none,no,,,"Real member is property BreathingAtmosphere => InternalAtmosphere (L117): the device own real internal atmosphere, never the planet copy"
Assets.Scripts.Objects.Electrical/HydroponicsStation.cs::IsLitByGrowLight,none,no,,,Real member is property BreathingAtmosphere => null (L43): forces Plant.BreathingAtmosphere to fall through to WorldAtmosphere (see Plant rows)
Assets.Scripts.Objects.Electrical/Laptop.cs::GetLogicValue,read,no,,,TemperatureExternal / PressureExternal from WorldAtmosphere.
Assets.Scripts.Objects.Electrical/Laptop.cs::HaltAndCatchFire,gated,yes,"AtmosphericEventInstance.CloneGlobal(WorldGrid, MoleEnergy.Zero, spark: true) (329)",,"Clones a real cell and sparks it, explodes, destroys the laptop. No gas created."
Assets.Scripts.Objects.Electrical/OccupantAtmospherics.cs::GetPassiveTooltip,display,no,,,GameStrings.BreathingAtmosphere label plus tooltip of InternalAtmosphere
Assets.Scripts.Objects.Electrical/PowerGeneratorPipe.cs::(type),none,no,,,"Field declaration: public Atmosphere WorldAtmosphere; filled from GetAtmosphereLocal, never the read-only copy."
Assets.Scripts.Objects.Electrical/PowerGeneratorPipe.cs::DoShutdown,read,no,,,"Reads own WorldAtmosphere field (real cell or null); null => shutdown, so outdoors with no real cell the generator switches off whatever the planet pressure."
Assets.Scripts.Objects.Electrical/PowerGeneratorPipe.cs::IsValidAtmosphere,read,no,,,Reads own WorldAtmosphere field (real cell or null). Absolute thresholds minimumPressure and min/max temperature.
Assets.Scripts.Objects.Electrical/PowerGeneratorPipe.cs::OnAtmosphericTick,none,no,,,"WorldAtmosphere = GetAtmosphereLocal(WorldGrid) (221): a real cell or null, never the copy. Combustion is between pipe networks and the internal atmosphere only; outdoor air untouched."
Assets.Scripts.Objects.Electrical/SolidFuelGenerator.cs::SmeltResource,gated,yes,"AtmosphericsController.CloneGlobalAtmosphere(WorldGrid, 0L) (116)",,"Clones a real cell and passes it to ImportingThing.Smelt, which adds combustion gases (ore SpawnContents) to it. Item-content gas SOURCE into a real cell; reaches the planet through the mix. | closure pass: L118 hands the cloned real cell to ImportingThing.Smelt; the item Smelt then sees IsGlobalAtmosphere false and adds to that real cell"
Assets.Scripts.Objects.Electrical/StirlingEngine.cs::HandlePressureCheck,gated,yes,"sample (484) used for pressure only; dump via CloneGlobalAtmosphere(WorldGrid, 0L).Add(ResetGasMixtures()) (498)",,Reads outdoor pressure for the burst check; on burst dumps the working gas into a cloned real cell.
Assets.Scripts.Objects.Electrical/StirlingEngine.cs::OnAtmosphereClient,read,no,,,Client: reads sampled temperature for efficiency display.
Assets.Scripts.Objects.Electrical/StirlingEngine.cs::OnAtmosphericTick,gated,yes,"CloneGlobalAtmosphere(WorldGrid, 0L) (418, 446)",,"Heat + gas: clones a real outdoor cell each tick, exchanges convection heat between it and the cold side (TransferEnergyTo on the real cell), and dumps working gas into a cloned cell when the canister is missing/broken. Keeps a real cell alive while running."
Assets.Scripts.Objects.Electrical/TurbineGenerator.cs::OnAtmosphericTick,gated,yes,"CloneGlobalAtmosphere(ForwardGrid, 0L) / CloneGlobalAtmosphere(BackwardGrid, 0L) (149-150)",,Clones real cells on both sides every tick and EqualizeBothWays(All) between them. Two real cells kept alive per wind turbine wall outdoors.
Assets.Scripts.Objects.Electrical/VendingMachineRefrigerated.cs::(type),none,no,,,"L30 field declaration private Atmosphere _worldAtmosphere; private, only used in OnAtmosphericTick"
Assets.Scripts.Objects.Electrical/VendingMachineRefrigerated.cs::InitInternalAtmosphere,read,no,,,"Reads sampled temperature to initialise internal N2 (0.858 mol created, internal only)."
Assets.Scripts.Objects.Electrical/VendingMachineRefrigerated.cs::OnAtmosphericTick,bypass,yes,NONE,"accepted: heat only, as the powered fridge","HEAT SINK. _worldAtmosphere = SampleGlobalAtmosphere (219); when cooling, the energy removed from the interior is _worldAtmosphere.GasMixture.AddEnergy(energy2) (228): outdoors the copy is read-only (Mole.Energy setter checks ReadOnly) so up to HeatTransferJoulesPerTick = 1000 J/tick (absolute) is destroyed rather than reaching a cell or ExternalInputEnergyOffset. No gas. NRE if the sample is null. | closure pass: L228 _worldAtmosphere.GasMixture.AddEnergy(energy2) on an unguarded SampleGlobalAtmosphere: outdoors with no cell the rejected heat is silently dropped (Mole.Energy setter checks ReadOnly) and never reaches PAS.AddEnergy: a HEAT SINK, no gas. Formula cap HeatTransferJoulesPerTick = 1000 J/tick (absolute); in practice bounded by the 10 L internal atmosphere: a few kJ one-off pull-down from 293 K to GoalTemperature 142 K, then only the box convective leak-in. Negligible at planet scale"
Assets.Scripts.Objects.Electrical/WallCooler.cs::OnAtmosphericTick,gated,yes,"CloneGlobalAtmosphere(WorldGrid, 0L) (98)",,Heat only: removes up to 1000 J/tick (absolute) x efficiency curve from a cloned real cell into the pipe network. Real cell kept alive while powered.
Assets.Scripts.Objects.Electrical/WallHeater.cs::OnAtmosphericTick,gated,yes,"CloneGlobalAtmosphere(WorldGrid, 0L) (78); the sample at 76 only feeds IsAboveArmstrong",,"Heat only: adds HeatTransferJoulesPerTick (prefab value, absolute) to a cloned real cell and sparks it."
Assets.Scripts.Objects.Entities/Human.cs::BreathingAtmosphere,none,no,,,"Wrapper: helmet InternalAtmosphere when HasInternals && InternalsOn, else Entity.BreathingAtmosphere = WorldAtmosphere, which OUTDOORS with no cell is the read-only copy (SetWorldAtmosphere -> SampleGlobalAtmosphere, never clones). Setter writes helmet or WorldAtmosphere"
Assets.Scripts.Objects.Entities/Human.cs::FootStep,read,no,,,Footstep audio: local cell liquid depth (explicitly !IsGlobalAtmosphere) or GlobalAtmosphereLiquid.IsUnderGlobalLiquid. Global sea read.
Assets.Scripts.Objects.Entities/Human.cs::LifeDehydrate,read,no,,,Reads sampled temperature for hydration loss.
Assets.Scripts.Objects.Entities/Human.cs::PlayBreathAudio,read,no,,,Reads PartialPressureHelium for voice pitch
Assets.Scripts.Objects.Entities/Human.cs::PlayJumpBreathAudio,read,no,,,Reads PartialPressureHelium for voice pitch
Assets.Scripts.Objects.Entities/Human.cs::SoilingAtmosphere,read,no,,,Wrapper: suit InternalAtmosphere else WorldAtmosphere; sole consumer Entity.IsSoiled / IsAtmosphereSoiled only reads
Assets.Scripts.Objects.Entities/Human.cs::TakeBreath,bypass,yes,NONE (Entity.LifeBreathe clones only when BreathingAtmosphere == null; the read-only copy is non-null),"accepted: an unhelmeted human outdoors breathes out into the copy, at most 0.0024 mol of CO2 a tick","Human: Lungs.TakeBreath adds 0.5 x O2 consumed as CO2 to BreathingAtmosphere; Zrilian: adds 0.032 x methane consumed as N2O. Helmet off outdoors with no cell -> read-only copy -> exhaled gas destroyed: SINK of at most 0.0024 mol CO2 per tick per human (0.0048 * BreathingEfficiency * BreathingRate * 0.5). A per-breath quantity, only while unhelmeted outdoors. The O2 comes from the 6 L lungs, refilled by LifeBreathe Mix (known site). Absolute constant 0.0048 mol per breath"
Assets.Scripts.Objects.Entities/Human.cs::UpdateBreathingAudio,read,no,,,Null check only
Assets.Scripts.Objects.Entities/Human.cs::UpdateBreathingState,read,no,,,"Reads pressure, temperature, toxin partial pressures for the breathing sound state; absolute thresholds (PressureMaximumSafe, PressureMinimumSafe, -10 C / +80 C)"
Assets.Scripts.Objects.Entities/Npc.cs::NavigatePath,read,no,,,Reads WorldAtmosphere.Direction for wind push on NPC movement.
Assets.Scripts.Objects.Items/AtmosAnalyser.cs::(type),none,no,,,L112 auto-property declaration ScannedAtmosphere {get; private set;}
Assets.Scripts.Objects.Items/AtmosAnalyser.cs::GetScannedAtmosphere,read,no,,,"Chooses which atmosphere the tablet shows: the human's / own WorldAtmosphere or a target's internals. Returns it (WRAPPER; stored in public ScannedAtmosphere). | closure pass: L114 declaration; returns human/own WorldAtmosphere, cursor thing internal, or network atmosphere for display"
Assets.Scripts.Objects.Items/AtmosAnalyser.cs::OnScreenUpdate,display,no,,,Reads ScannedAtmosphere.Mode to toggle the volume label
Assets.Scripts.Objects.Items/AtmosAnalyser.cs::PrepareText,display,no,,,"Builds analyser text; Mode World and Global both label as room/world. | closure pass: Stores GetScannedAtmosphere() / WorldAtmosphere / IThermal.ThermalAtmosphere (= InternalAtmosphere or NetworkAtmosphere, never a sample) into ScannedAtmosphere and formats text; reads only"
Assets.Scripts.Objects.Items/AtmosphericItem.cs::LeakAir,gated,yes,"if (WorldAtmosphere == null || WorldAtmosphere.IsGlobalAtmosphere) WorldAtmosphere = CloneGlobalAtmosphere(WorldGrid, 0L) (191-193)",,"A leaking item equalises gas both ways with a real cell (cloned if needed), scaled by LeakRatio. Only runs when LeakRatio > 0."
Assets.Scripts.Objects.Items/BatteryCell.cs::OnPowerTick,read,no,,,HandleColdLoss reads temperature / HeatExchangeRatio of WorldAtmosphere to drain charge (_lossInCold 50). The energy is not added to the air.
Assets.Scripts.Objects.Items/Dynamite.cs::OnAtmosphericTick,gated,yes,"if (WorldAtmosphere == null || WorldAtmosphere.Mode == AtmosphereMode.Global) WorldAtmosphere = CloneGlobalAtmosphere(WorldGrid, 0L) (131-135)",,Clones a real cell EVERY tick for every dynamite item outdoors (even unarmed); if armed sparks it and adds EnergyReleasedPerTick 100 J (absolute).
Assets.Scripts.Objects.Items/FertilizedEgg.cs::GetExtendedText,display,no,,,Tooltip: temperature vs hatching range.
Assets.Scripts.Objects.Items/FertilizedEgg.cs::OnAtmosphericTick,read,no,,,Reads WorldAtmosphere temperature for viability / hatching.
Assets.Scripts.Objects.Items/FireExtinguisher.cs::OnAtmosphericTick,gated,yes,"CloneGlobalAtmosphere(new WorldGrid(RootParent.Position), 0L) (78)",,"Clones a real cell EVERY tick for every extinguisher in existence, active or not (the clone precedes the Activate check); when active moves canister liquid/gas into it and Extinguish removes energy. Cell churn: each idle extinguisher outdoors keeps a real cell instantiated."
Assets.Scripts.Objects.Items/FireExtinguisher.cs::ShouldEmitParticles,display,no,,,Particle gate: canister pressure vs WorldAtmosphere pressure.
Assets.Scripts.Objects.Items/FireExtinguisher.cs::UseExtinguisher,read,no,,,Reads WorldAtmosphere.PressureGasses to decide activation (NRE if null).
Assets.Scripts.Objects.Items/FuelIngot.cs::Smelt,gated,yes,"if (localAtmosphere.IsGlobalAtmosphere) { ...; AtmosphericEventInstance.CloneGlobalAddGasMix(WorldGrid, GasMixture); } (53-57) else CreateAdd on the real cell",,"Burning fuel ingot adds its SpawnContents gas: through the CloneGlobalAddGas event when handed the copy (the resample at 55 is read for temperature only). Item-content gas SOURCE into a real cell. | closure pass: L49 declaration, L70 base.Smelt hand-off (Item.Smelt, itself guarded). Ingot gas goes to a cloned real cell. Temperature lerp 0.6 toward outdoor temperature: absolute"
Assets.Scripts.Objects.Items/GasCanister.cs::InteractWith,read,no,,,Reads sampled pressure for the release sound.
Assets.Scripts.Objects.Items/GasCanister.cs::OnAtmosphericTick,gated,yes,"sample (190) used for pressure delta only; both mutations follow atmosphere = CloneGlobalAtmosphere(WorldGrid, 0L) (204, 230)",,A blown canister mixes (All) with a cloned real cell; an open canister volume-weight mixes its content type with a cloned real cell. Both on real cells.
Assets.Scripts.Objects.Items/GasCanister.cs::OnDamageDestroyed,gated,yes,"AtmosphericEventInstance.CloneGlobalAddGasMix(WorldGrid, new GasMixture(InternalAtmosphere.GasMixture), spark: true) (331)",,"Burst canister releases its contents into a cloned real cell, sparked."
Assets.Scripts.Objects.Items/GasCanister.cs::Recycle,gated,yes,"passes the sample to Smelt, which checks IsGlobalAtmosphere (285)",,Samples outdoor air and calls Smelt; Smelt routes through CloneGlobalAddGasMix when it is the copy. | closure pass: L299 hands an unguarded sample to Smelt; Smelt releases the canister contents into a cloned real cell. One-off per recycled canister
Assets.Scripts.Objects.Items/GasCanister.cs::Smelt,gated,yes,"if (localAtmosphere.IsGlobalAtmosphere) CloneGlobalAddGasMix(...) else CreateAdd(localAtmosphere, ...) (285-287)",,"Releases canister contents to a real cell. | closure pass: L283 declaration, L293 base.Smelt -> Item.Smelt (guarded CloneGlobalRemoveEnergy). One-off dump of canister contents"
Assets.Scripts.Objects.Items/GasMask.cs::FlushMask,bypass,yes,"mask and suit gas: CloneGlobalAddGasMix (376, 380) OK; lung gas: CreateAdd(base.WorldAtmosphere, ...) (389, 397) NONE",accepted: one lungful per flush,"Partial SINK. Mask and suit contents go through the gated clone event, but lung contents are queued with CreateAdd onto base.WorldAtmosphere, which outdoors is the read-only copy (the AddGasMixture event just calls _atmosphere.Add): lung gas destroyed, lungs reset. One lungful per flush (small, player action)."
Assets.Scripts.Objects.Items/GasMask.cs::OnAtmosphericTick,bypass,yes,NONE,accepted: a mask worn without a suit mixes with the copy; one mask volume per wearer per tick,"SOURCE and SINK (known). WorldAtmosphere = SampleGlobalAtmosphere (318) then AtmosphereHelper.Mix(Internal, WorldAtmosphere, Gas) (319): the mask interior is set to the volume-weighted mix with the 8000 L copy each tick while the copy ignores its Set. Exhaled CO2 vanishes and planet air appears free; about one mask-volume of gas per tick. Only when not worn with a suit."
Assets.Scripts.Objects.Items/Ice.cs::AttackWith,gated,yes,Ore.Smelt: if (localAtmosphere.IsGlobalAtmosphere) CloneGlobalAddGasMix (Ore.cs:110-114),,"Welder on ice: Smelt(base.WorldAtmosphere, ...) (134); Ice has no Smelt override, so Ore.Smelt routes the ice's gas through the clone event when outdoors. Item-content SOURCE. NRE if WorldAtmosphere null."
Assets.Scripts.Objects.Items/Ice.cs::CanMelt,read,no,,,Null check on WorldAtmosphere.
Assets.Scripts.Objects.Items/Ice.cs::HandleIceMelting,gated,yes,Ore.Smelt IsGlobalAtmosphere check (Ore.cs:110),,"Samples outdoor air (or the furnace internal), reads IsActive / WillMeltIce / temperature, then Smelt(atmosphere): the released gas/liquid goes via CloneGlobalAddGasMix when the sample is the copy. Released energy uses Lerp(outdoor T, ore T, 0.6). Ice melting outdoors is a real SOURCE of volatiles/water/etc. to the planet, including liquid. | closure pass: L182 Smelt(atmosphere, ...) with an unguarded sample (or furnace internal). One stack unit per tick while melting; gas lands in a cloned real cell. Phase/temperature: MeltTemperature, WillMeltIce, HasLight. Latent NRE: Smelt(null) possible when no atmosphere and lit"
Assets.Scripts.Objects.Items/Ice.cs::Recycle,gated,yes,Ore.Smelt IsGlobalAtmosphere check (Ore.cs:110),,Samples then Smelt; gated as above. | closure pass: L151 hands an unguarded sample to Smelt; one unit per recycle
Assets.Scripts.Objects.Items/Jetpack.cs::HasPropellent,read,no,,,Reads WorldAtmosphere moles/volume to compute usable propellant above ambient.
Assets.Scripts.Objects.Items/Jetpack.cs::OnAtmosphericTick,bypass,yes,only if (base.WorldAtmosphere == null) CloneGlobalAtmosphere (643-645); no IsGlobalAtmosphere check,"accepted: jetpack propellant is lost instead of reaching the planet; the player's own propellant, a canister at most","SINK. A worn jetpack inherits the wearer's WorldAtmosphere (DynamicThing.SetWorldAtmosphere), outdoors the read-only copy, which is non-null so the clone is skipped; base.WorldAtmosphere.Add(canister.Remove(MolesToUse x OutputSetting, Gas)) (647) destroys the propellant. Rate MolesPerEmission x 6 x JetpackRate x OutputSetting per tick while thrusting (absolute, small)."
Assets.Scripts.Objects.Items/Jetpack.cs::PropellantCritical,read,no,,,Reads WorldAtmosphere pressure.
Assets.Scripts.Objects.Items/Jetpack.cs::PropellantDelta,read,no,,,Reads WorldAtmosphere pressure.
Assets.Scripts.Objects.Items/Jetpack.cs::PropellantLow,read,no,,,Reads WorldAtmosphere pressure.
Assets.Scripts.Objects.Items/LiquidVacuum.cs::OnAtmosphericTick,gated,yes,"AtmosphericsController.World.CloneGlobalAtmosphere(new WorldGrid(RootParent.Position), 0L) (171)",,"Liquid: drains liquid between a cloned real cell and the internal atmosphere (both directions), _maxVolumePerTick (absolute) x LiquidWorldVolumeScale. If the tank holds liquid, each clone materialises a cell-share of global sea liquid that the vacuum can then suck: a gated tap on planet liquid."
Assets.Scripts.Objects.Items/Ore.cs::CentrifugeProcessUnit,gated,yes,passes the sample to Smelt; Ore.Smelt IsGlobalAtmosphere check (110),,Centrifuge smelts ore against sampled outdoor air; gas routed by Smelt. Smelt is virtual: every override is a consumer of the sample.
Assets.Scripts.Objects.Items/Ore.cs::Smelt,gated,yes,"if (localAtmosphere.IsGlobalAtmosphere) { ...; CloneGlobalAddGasMix(WorldGrid, gasMixture); } else CreateAdd(localAtmosphere, ...) (110-114)",,"Ore gas by-product (SpawnContents) added to a real cell; the resample at 112 is read for temperature only. The base chain (Stackable.Smelt / DynamicThing.Smelt) does not touch the atmosphere. | closure pass: L95 declaration, L128 base.Smelt -> Stackable.Smelt (reagents and Quantity-- only). The re-sample at L110 is read for temperature only. Lerp 0.6 absolute"
Assets.Scripts.Objects.Items/Plant.cs::BreathingAtmosphere,read,no,,,"Property forwards the tray's BreathingAtmosphere or base.WorldAtmosphere (WRAPPER). The known Plant breathing bypass mutates what this returns; the mutation is in its callers, not here. | closure pass: Wrapper: ParentTray.BreathingAtmosphere if non-null else WorldAtmosphere. Every grower returns null except HydroponicsAutomated (InternalAtmosphere), so tray / portable / station plants breathe WorldAtmosphere = the read-only copy outdoors with no cell"
Assets.Scripts.Objects.Items/Plant.cs::DoPlantBreathOut,bypass,yes,NONE,"accepted: the oxygen such a plant breathes out is dropped, about 0.0012 mol a tick each (0.12 mol a tick for a hundred plants)","Real method DoPlantBreathOut. Plant outdoors (tray in open air, no real cell) -> read-only copy. BreathingAtmosphere.Add(exhaled) is dropped: exhaled gas destroyed (the SINK half of the pair). Amount = ExhaledGases.Quantity * breathedRatio * GasProduction = 0.0012 mol O2 per tick per plant in shipped data; bounded per plant, 100 plants is about 0.12 mol per tick. Absolute per-plant constant"
Assets.Scripts.Objects.Items/Plant.cs::DoPlantBreathOutEndothermic,bypass,yes,NONE,"accepted: as above, plus 90 J a tick of cooling that never reaches the planet","Real method DoPlantBreathOutEndothermic (L1194-1229). Plant outdoors (tray in open air, no real cell) -> read-only copy. Add(gasMixture2) and GasMixture.RemoveEnergy(abs(ThermalPlantEnergy) * efficiency) are both dropped: exhaled O2/CH4 destroyed and the cooling never reaches the planet (no PAS.RemoveEnergy). Amount per tick per mature plant: min(90 J * efficiency / energy per mole, MolesDrunkLastTick); bounded by the water drunk per tick. Heat and gas"
Assets.Scripts.Objects.Items/Plant.cs::OnAtmosphericTick,read,no,,,"Listed lines (L1235 null/BeingDestroyed check, L1255/L1257 harmful-gas partial pressures) only read; the mutation is in TakePlantBreath which it calls"
Assets.Scripts.Objects.Items/Plant.cs::TakePlantBreath,bypass,yes,"NONE (only null / BeingDestroyed checks, L1123)","accepted: a plant on open ground breathes the copy, about 0.0012 mol of CO2 a tick each, taken from nowhere. An outdoor farm therefore does not change the planet; plants in a room or an automated tray breathe real air","Real method TakePlantBreath. Plant outdoors (tray in open air, no real cell) -> read-only copy. BreathingAtmosphere.Remove(gasMixture) RETURNS the inhaled moles without debiting: a free SOURCE feeding growth and BreathingEfficiency. Amount = InhaledGases.Quantity * clamp(ratio) * GasProduction = 0.0012 mol CO2 per tick per plant (shipped data; 0.0075 O2 + 0.0025 volatiles for the special plants). Bounded per plant. Reads temperature/pressure for efficiency curves (absolute plant thresholds)"
Assets.Scripts.Objects.Items/PlantAnalyserCartridge.cs::GasRequirementInfo,display,no,,,Reads plant.BreathingAtmosphere gas ratios for cartridge text
Assets.Scripts.Objects.Items/PlantAnalyserCartridge.cs::GenerateInfoStrings,display,no,,,Reads plant.BreathingAtmosphere temperature and pressure for cartridge text
Assets.Scripts.Objects.Items/PlantAnalyserCartridge.cs::ToxicGasInfo,display,no,,,Reads plant.BreathingAtmosphere partial pressures for cartridge text
Assets.Scripts.Objects.Items/PureIce.cs::HandleIceMelting,read,no,,,"Samples outdoor air (or furnace internal) only to test WillMeltIce and Temperature > MeltTemperature, then hands it to Smelt which guards. Melt threshold is an absolute temperature per gas. | closure pass: L60 Smelt(atmosphere, ...) with an unguarded sample (or furnace internal); one unit per tick while melting"
Assets.Scripts.Objects.Items/PureIce.cs::Smelt,gated,yes,if (localAtmosphere.IsGlobalAtmosphere) CloneGlobalAddGasMix(...) (line 85-87) else CreateAdd on the real atmosphere,,"Melting ice adds its SpawnContents gas (new matter from mined ice) to a real outdoor cell; reaches the planet via the cell. | closure pass: L64 declaration. First reads localAtmosphere.Temperature against MeltTemperature (phase threshold, TwentyDegrees absolute); MINIMUM_QUANTITY_MOLES cut-off; SpawnContents may be liquids"
Assets.Scripts.Objects.Items/RoadFlare.cs::GetBurningAtmosphere,gated,yes,"WorldAtmosphere == null || Mode == Global -> CloneGlobalAtmosphere, only if ReadonlyGlobalAtmosphere.IsAboveArmstrong (line 159-161)",,"Returns WorldAtmosphere; can still return the read-only copy when planet air is below Armstrong (6.3 kPa absolute), but the only caller (OnAtmosphericTick) mutates only if IsAboveArmstrong, which implies the cloned real cell. Caller adds 1000 J/tick HEAT + spark to the cell. | closure pass: L149 declaration. Caller adds 1000 J per tick (absolute) and Sparked. Below Armstrong the Global copy can be returned but the caller also requires IsAboveArmstrong, so no write reaches the copy"
Assets.Scripts.Objects.Items/RoadFlare.cs::OnAtmosphericTick,gated,yes,GetBurningAtmosphere: WorldAtmosphere null or Mode == Global -> CloneGlobalAtmosphere (line 161),,sparks and heats a real cell; 1000 J a tick while lit
Assets.Scripts.Objects.Items/SpaceOre.cs::Smelt,none,no,,,Quantity-- only; atmosphere parameter unused
Assets.Scripts.Objects.Items/SprayCan.cs::OnUseItem,gated,yes,CloneGlobalAddGasMix event -> CloneGlobalAtmosphere (AtmosphericEventInstance.cs:439),,Each spray adds PollutionMixture (new matter) to a real outdoor cell via the clone event.
Assets.Scripts.Objects.Items/Stackable.cs::Smelt,none,no,,,"Adds reagents, Quantity--; atmosphere parameter unused"
Assets.Scripts.Objects.Items/Stomach.cs::WetSelf,gated,yes,CloneGlobalAddGasMix event (line 125) -> CloneGlobalAtmosphere (AtmosphericEventInstance.cs:439),,"Moves polluted water (LIQUID) from stomach to suit, else to a cloned outdoor cell. Liquid enters the planet side via the cell."
Assets.Scripts.Objects.Items/WeldingTorch.cs::EjectInternalAtmosphere,gated,yes,if (WorldAtmosphere == null || WorldAtmosphere.Mode == Global) WorldAtmosphere = CloneGlobalAtmosphere (line 227-229),,Dumps torch internal gas into a real outdoor cell and sparks it.
Assets.Scripts.Objects.Pipes/ActiveVent.cs::GetWorkingAtmosphere,gated,no,CloneGlobalAtmosphere(WorldGrid) (line 383),,Returns a real cloned cell for the vent to pump to/from (virtual; never the read-only copy). Vent defaults use absolute targets OneAtmosphere and 50662.5 kPa.
Assets.Scripts.Objects.Pipes/ArcFurnace.cs::WaitThenSmelt,gated,yes,"CloneGlobal event (line 420); Smelt(SampleGlobalAtmosphere) at 426: every Smelt override checks localAtmosphere.IsGlobalAtmosphere and switches to CloneGlobal* events (Item.cs:365, Ore.cs, FuelIngot.cs, GasCanister.cs, PureIce.cs, Consumable.cs)",,"Per recipe adds recipe.Energy*PowerReleaseScale HEAT + spark to a cloned outdoor cell; hands the sampled (maybe read-only) air to the Smelt chain, all overrides of which are guarded. Energy reaches the planet heat counter via cell relaxation."
Assets.Scripts.Objects.Pipes/CarbonSequester.cs::OnAtmosphericTick,gated,yes,CloneGlobalAtmosphere(VentExtension.VentGrid) (line 221),,"Takes pipe gas, converts up to UsedPower/45000*100 mol CO2 per tick into O2 (carbon kept as reagent), vents all of it into a real cloned cell. Absolute device rate."
Assets.Scripts.Objects.Pipes/CombustionCentrifuge.cs::HandleBrokenMix,gated,yes,CloneGlobalAtmosphere(WorldGrid) (line 682); the sample at 676 is only null-checked,,"When broken, Mix(internal, cloned outdoor cell, All) including liquids."
Assets.Scripts.Objects.Pipes/CondensationChamber.cs::AtmosphericsProcessing,gated,yes,CloneGlobalAtmosphere(WorldGrid).Add (line 23),,"When open, dumps the whole internal mix (gas + LIQUID) into a real outdoor cell."
Assets.Scripts.Objects.Pipes/CryoTube.cs::GetPassiveTooltip,display,no,,,GameStrings.BreathingAtmosphere label plus tooltip of InternalAtmosphere
Assets.Scripts.Objects.Pipes/Device.cs::OnAtmosphericTick,gated,yes,CloneGlobalAtmosphere (line 1516) after a read-only IsAboveArmstrong test on the sample (line 1514),,"Every powered device with EnergyToHeatRatio > 0 adds usedPower*ratio J/tick HEAT to a cloned outdoor cell, only if outdoor air > ArmstrongLimit (6.3 kPa absolute). Also means every such outdoor device keeps a real cell alive (one cell share debited from the tank)."
Assets.Scripts.Objects.Pipes/DispersalTower.cs::OnAtmosphericTick,gated,yes,CloneGlobalAtmosphere(VentExtension.VentGrid) (line 158),,"When open, MoveToEqualize(internal -> cloned outdoor cell, PressurekPa.MaxValue, All): unlimited-rate release of gas and LIQUID to the planet side."
Assets.Scripts.Objects.Pipes/DispersalTower.cs::OnServerImportTick,none,no,,,"TerraForming.AddPlantsToWorld: bumps the global vegetation counter and genes (GlobalPlants); no gas or heat. Planet-scale vegetation state, not atmosphere."
Assets.Scripts.Objects.Pipes/EvaporationChamber.cs::AtmosphericsProcessing,gated,yes,CloneGlobalAtmosphere(WorldGrid).Add (line 26),,"When open, dumps internal mix (gas + LIQUID) into a real outdoor cell. Liquid intake 0.25 L/tick absolute (device side)."
Assets.Scripts.Objects.Pipes/FloorDrain.cs::OnAtmosphericTick,gated,yes,CloneGlobalAtmosphere(WorldGrid) (line 39); neighbour shells via GetAtmosphereLocal only,,"Drains up to LiquidPipeVolume L/tick of LIQUID from the cell and flat real neighbours into the pipe, and Mix(cell, pipe, Gas). The clone debits the tank, so an outdoor drain is a legitimate planet<->pipe gas path."
Assets.Scripts.Objects.Pipes/FurnaceBase.cs::Explode,gated,yes,CloneGlobalAddGasMix event (line 762) -> CloneGlobalAtmosphere,,"On burst, copies internal mix into a cloned outdoor cell and resets internal (only if internal is above Armstrong; otherwise nothing is released)."
Assets.Scripts.Objects.Pipes/FurnaceBase.cs::HandleBrokenMix,gated,yes,CloneGlobalAtmosphere(WorldGrid) (line 479); the sample at 473 is only null-checked,,"Broken furnace Mix(internal, cloned outdoor cell, All)."
Assets.Scripts.Objects.Pipes/FurnaceBase.cs::HandlePressureCheck,read,no,,,Reads outdoor pressure to compute burst delta against MAXPressureDelta (absolute device limit); damage only.
Assets.Scripts.Objects.Pipes/FurnaceBase.cs::Ignite,none,no,,,"Hands the furnace own InternalAtmosphere to Ice.Smelt: a real thing atmosphere, never the planet copy"
Assets.Scripts.Objects.Pipes/FurnaceBase.cs::IsOverpressure,read,no,,,Reads outdoor pressure for a tooltip warning.
Assets.Scripts.Objects.Pipes/FurnaceBase.cs::OnDestroy,gated,yes,CloneGlobalAddGasMix event (line 941) -> CloneGlobalAtmosphere,,"On destroy, internal mix goes to a cloned outdoor cell (sparked if inflamed)."
Assets.Scripts.Objects.Pipes/FurnaceBase.cs::OnServerImportTick,none,no,,,Calls Smelt(ImportingThing) -> InternalAtmosphere hand-off; no outdoor air
Assets.Scripts.Objects.Pipes/FurnaceBase.cs::Smelt,none,no,,,"bool Smelt(DynamicThing): dynamicThing.Smelt(InternalAtmosphere, ReagentMixture); internal atmosphere only"
Assets.Scripts.Objects.Pipes/HydroponicTray.cs::(type),none,no,,,Property BreathingAtmosphere => null: plant falls through to WorldAtmosphere (see Plant rows)
Assets.Scripts.Objects.Pipes/HydroponicTray.cs::CurrentLightExposure,read,no,,,Reads Plant.WorldAtmosphere.HasLight only.
Assets.Scripts.Objects.Pipes/HydroponicsTrayDevice.cs::CurrentLightExposure,read,no,,,Reads Plant.WorldAtmosphere.HasLight only.
Assets.Scripts.Objects.Pipes/HydroponicsTrayDevice.cs::IsLitByGrowLight,none,no,,,Real member is property BreathingAtmosphere => null (L60): plant falls through to WorldAtmosphere
Assets.Scripts.Objects.Pipes/IGrower.cs::(type),none,no,,,Interface declaration of BreathingAtmosphere
Assets.Scripts.Objects.Pipes/IceCrusher.cs::OnServerImportTick,none,no,,,"Ice.Smelt(InternalAtmosphere, ...) plus CreateAddEnergy on InternalAtmosphere; internal only"
Assets.Scripts.Objects.Pipes/IndustrialBurner.cs::HandleGasInput,gated,yes,CloneGlobalAtmosphere(ChimneyExtension.VentGrid) (line 394),,"Chimney: MoveToEqualize internal exhaust -> cloned outdoor cell, rate mapped between OneAtmosphere and MAXPressureGasPipe/10 (absolute). O2 burn and CO2 creation happen on the internal atmosphere."
Assets.Scripts.Objects.Pipes/IndustrialBurner.cs::OnServerImportTick,none,no,,,Calls inherited FurnaceBase.Smelt(ImportingThing) -> InternalAtmosphere; internal only
Assets.Scripts.Objects.Pipes/IndustrialCombustor.cs::OnAtmosphericTick,gated,yes,CloneGlobalAtmosphere(ChimneyExtension.VentGrid) (line 227),,"Chimney: MoveToEqualize internal -> cloned outdoor cell, unlimited (PressurekPa.MaxValue), gas only. Heat-sink exchange is with internal and output pipe only."
Assets.Scripts.Objects.Pipes/LiquidTap.cs::OnAtmosphericTick,gated,yes,CloneGlobalAtmosphere(WorldGrid) (line 46),,Drains half the input LIQUID volume per tick into a cloned cell.
Assets.Scripts.Objects.Pipes/MultiGridAtmospherics.cs::VentWorldToInternal,gated,yes,CloneGlobalAtmosphere(startingGrid) (line 44); neighbour shells via GetAtmosphereLocal only,,Pumps gas from cloned cells and real neighbours (up to 6 shells) into an internal atmosphere; each clone debits the tank. maxTakeRatio 0.5.
Assets.Scripts.Objects.Pipes/Pipe.cs::GetWorkingAtmosphere,gated,no,CloneGlobalAtmosphere(WorldGrid) (line 557) or crew module internal,,"Returns a real cell, never the read-only copy."
Assets.Scripts.Objects.Pipes/Pipe.cs::OnAtmosphericTick,gated,yes,CloneGlobalAtmosphere(currentGrid) (line 432) -> LeakMix,,Burst pipe: drains LIQUID and equalises or mixes gas with a cloned cell per occupied grid. Absolute OneAtmosphere threshold picks equalise vs mix. Also SpawnIces from pipe gas.
Assets.Scripts.Objects.Pipes/PipeHeater.cs::(type),none,no,,,L17 private field _worldAtmosphere declared and never referenced: dead
Assets.Scripts.Objects.Pipes/PipeRadiator.cs::(type),none,no,,,L11 private field _worldAtmosphere declared and never referenced (the tick uses a local sample): dead
Assets.Scripts.Objects.Pipes/PipeRadiator.cs::GetWorkingAtmosphere,gated,no,CloneGlobalAtmosphere(WorldGrid) (line 25) or crew module internal,,Returns a real cell.
Assets.Scripts.Objects.Pipes/PipeRadiator.cs::OnAtmosphericTick,gated,yes,"AtmosphereHelper.DoConvection: if (worldAtmosphere.Mode != Global) transfer, else CloneGlobalAtmosphereThreadSafe(grid) (AtmosphereHelper.cs:536-545)",,"HEAT: convection energy moves pipe <-> outdoor cell (clones a real cell when the sample is the read-only copy); the radiated part goes DoEntropy -> PAS.AddEnergy (switched, ExternalInputEnergyOffset counter). CalculateConvection only reads the sample. An outdoor radiator therefore creates or keeps a real cell every tick."
Assets.Scripts.Objects.Pipes/PoweredVentMultiGrid.cs::ExchangeWithWorld,gated,yes,CloneGlobalAtmosphere(WorldGrid) (line 17); neighbours via GetAtmosphereLocal,,"Powered vent in/out at PressurePerTick against ExternalPressure, over up to 6 shells of real neighbour cells."
Assets.Scripts.Objects.Pipes/PoweredVentSingleGrid.cs::ExchangeWithWorld,gated,yes,CloneGlobalAtmosphere(WorldGrid) (line 10),,Powered vent in/out at PressurePerTick on one cloned cell.
Assets.Scripts.Objects.Pipes/RocketEngineBase.cs::BlockPlumeNeighbourAtmospheres,gated,yes,"CloneGlobalAtmosphere(grid, allowCrewModules: false) (lines 554, 559, 564)",,"Creates up to 3 real cells under the flame and flags SimpleRocketExhaust; each clone debits the tank. Skipped at grid y >= 10000 (= 1000 m space line, absolute)."
Assets.Scripts.Objects.Pipes/RocketEngineBase.cs::Exhaust,gated,yes,"CloneGlobalAtmosphere(grid2, allowCrewModules: false) (line 488)",,"Spreads engine exhaust over a column of cloned cells. SINK TO SPACE: if flame grid y >= 10000 (1000 m, absolute) the whole internal mix is Removed and discarded, and any remainder after the loop is discarded too: exhaust above the space line leaves the world (propellant from tanks, not planet air). Contradicts the doc line that gas cannot be dumped to space."
Assets.Scripts.Objects.Pipes/StateChangeDevice.cs::OnDestroy,gated,yes,CloneGlobalAddGasMix event (line 166) -> CloneGlobalAtmosphere,,On destroy internal mix goes to a cloned outdoor cell.
Assets.Scripts.Objects.Pipes/Tank.cs::OnAtmosphericTick,gated,yes,IsBroken branch reassigns atmosphere = CloneGlobalAtmosphere (line 53) before Mix; otherwise the sample is only read,,"Broken tank Mix(internal, cloned cell). Otherwise reads outdoor pressure for burst damage against MAXPressureGasPipe / MAXPressureLiquidPipe (absolute)."
Assets.Scripts.Objects.Pipes/Tank.cs::OnDestroy,gated,yes,CloneGlobalAddGasMix event (line 81) -> CloneGlobalAtmosphere,,On destroy internal mix goes to a cloned outdoor cell.
Assets.Scripts.Objects.Pipes/WallVent.cs::OnAtmosphericTick,bypass,yes,NONE,FIXED: Guards.WallVentPrefix builds a real outdoor cell for the side that has none. The ordinary way to open a base to outdoors; averaged a whole room with a bottomless copy every tick,"KNOWN. Mix(Sample(facing), Sample(rear), Gas) with no real-cell guard. If one side is a real cell and the other the read-only copy, the real side is set to the volume-weighted average every tick while the planet side is ignored: free SOURCE when the room is thinner than the planet, SINK when thicker; moves half the difference of an 8000 L cell per tick. Both sides read-only is a no-op."
Assets.Scripts.Objects.Weapons/Grenade.cs::OnAtmosphericTick,gated,yes,if (WorldAtmosphere == null || Mode == Global) WorldAtmosphere = CloneGlobalAtmosphere (line 139-141),,Armed grenade sparks the cell and adds 100 J/tick HEAT.
Assets.Scripts.Objects/DynamicAirConditioner.cs::IsWithinOperatingRange,read,no,,,Reads WorldAtmosphere.Temperature against absolute limits MINCoolingTemp 263.15 K and MAXHeatingTemp 323.15 K.
Assets.Scripts.Objects/DynamicAirConditioner.cs::OnAtmosphericTick,gated,yes,"if (WorldAtmosphere.IsGlobalAtmosphere) WorldAtmosphere = CloneGlobalAtmosphere (line 336-338), after WorldAtmosphere == null / !IsAboveArmstrong returns",,HEAT only: adds or removes UsedPower*100 (canister) or UsedPower*10 (element) J/tick on the real cell. BUT it calls VentWaste() at line 311 BEFORE this guard: see the VentWaste row. ArmstrongLimit absolute.
Assets.Scripts.Objects/DynamicAirConditioner.cs::VentWaste,bypass,yes,NONE,accepted: a portable air conditioner's waste gas is lost outdoors where no cell exists; its small internal volume per tick while open,"WorldAtmosphere.Add(InternalAtmosphere.Remove(all)) with no guard; called from OnAtmosphericTick line 311 before the IsGlobalAtmosphere clone at 336. Outdoors with no real cell WorldAtmosphere is the read-only copy, so the vented waste gas is destroyed: SINK, the whole internal mix per tick while open. Also NRE if WorldAtmosphere is null."
Assets.Scripts.Objects/DynamicComposter.cs::DoProcessing,gated,yes,CloneGlobalAddGasMix event (line 186) -> CloneGlobalAtmosphere,,"Adds ExspelledGas * processed fraction (new matter from compost, at fixed Kelvin) to a cloned outdoor cell."
Assets.Scripts.Objects/DynamicGasCanister.cs::OnAtmosphereClient,read,no,,,Client side: reads outdoor pressure to show PressureDelta.
Assets.Scripts.Objects/DynamicGasCanister.cs::OnAtmosphericTick,gated,yes,"CloneGlobalAtmosphere(WorldGrid).Add (line 349 broken, line 395 release); the sample at 344 is only read",,Portable tank releases up to PressurePerTick toward OutputSetting into a cloned cell; broken dumps everything. Reads outdoor pressure for burst damage. | closure pass: L335 Smelt(dynamicThing) for an Ice occupant -> own InternalAtmosphere; the outdoor parts of this member are already in the ledger
Assets.Scripts.Objects/DynamicGasCanister.cs::OnDamageDestroyed,gated,yes,"CloneGlobalAddGasMix event (line 527, spark) -> CloneGlobalAtmosphere",,"Burst: internal mix copied to a cloned outdoor cell, internal reset."
Assets.Scripts.Objects/DynamicGasCanister.cs::Smelt,none,no,,,bool Smelt(DynamicThing): hands InternalAtmosphere; internal only
Assets.Scripts.Objects/DynamicGenerator.cs::OnAtmosphericTick,bypass,yes,"NONE (only if (WorldAtmosphere == null) CloneGlobalAtmosphere, line 303-305; no Mode / IsGlobalAtmosphere check)","accepted: a portable generator's exhaust is lost where no outdoor cell exists. Bounded by the fuel a player feeds it: one full canister of fuel is about 10,000 mol of exhaust, 0.4 % of a Standard Mars. Industrial burners and furnaces, the way to make CO2 in bulk, go through the planet","WorldAtmosphere.Add(internal exhaust) then internal Reset (line 307). SetWorldAtmosphere caches SampleGlobalAtmosphere, so outdoors without a real cell WorldAtmosphere is the non-null read-only copy: the Add is ignored and the exhaust (CO2, pollutant etc. plus its combustion HEAT) is destroyed. SINK, one internal-volume charge at PressurePerTick per tick. Combustion O2 comes from the canister, not the planet."
Assets.Scripts.Objects/DynamicGenerator.cs::VentAllAtmosphereToWorld,bypass,yes,"NONE (only WorldAtmosphere == null -> clone, line 206-208)","accepted: same, on destroying a portable generator; its small internal exhaust volume, one-off","OnDestroy: MoveVolume(internal -> WorldAtmosphere, whole volume). If WorldAtmosphere is the read-only copy the gas is removed from internal and the Add ignored: SINK of the internal mix, once."
Assets.Scripts.Objects/DynamicHydroponics.cs::(type),none,no,,,Property BreathingAtmosphere => null: plant falls through to WorldAtmosphere
Assets.Scripts.Objects/DynamicScrubber.cs::GetFromAtmos,gated,yes,WorldAtmosphere = CloneGlobalAtmosphere(WorldGrid) (line 171),,"Own cell is cloned (real) and gets UsedPower*PowerEfficiency J/tick HEAT if above Armstrong; then GetFromCell(own grid) and GetFromCell(each open neighbour): the neighbour calls are the bypass, see GetFromCell."
Assets.Scripts.Objects/DynamicScrubber.cs::GetFromCell,bypass,yes,NONE,accepted: a portable scrubber pulls from neighbouring grids without debiting the planet where they hold no cell; one portable device's intake,"KNOWN. Remove() on SampleGlobalAtmosphere(neighbour): for a neighbour with no real cell the read-only copy returns the moles without any debit. Free SOURCE: IdealGas.Quantity(PressurePerTick, internal volume, T) per neighbour per filter per tick, up to 6 neighbours; with filters only the filtered gas is kept (the remainder is Added back to the read-only copy = ignored), without filters everything is kept. Also STORES the sampled atmosphere into WorldAtmosphere (lines 199, 207)."
Assets.Scripts.Objects/DynamicScrubber.cs::ReleaseToAtmos,bypass,yes,"NONE (only WorldAtmosphere == null -> clone, line 149-151)",accepted: an opened portable scrubber's contents are lost outdoors where no cell exists; one portable's volume,"Open scrubber: WorldAtmosphere.Add(internal) + Reset below 100 kPa, else MoveVolume 5 % of volume per tick. WorldAtmosphere may be the read-only copy (from SetWorldAtmosphere, or stored by GetFromCell): released gas is destroyed. SINK, up to the full internal mix per tick. 100 kPa threshold absolute (device side)."
Assets.Scripts.Objects/DynamicThing.cs::ApplyLiquidFlowForce,read,no,,,Reads WorldAtmosphere.GetFlowDirection for a physics push (LIQUID flow).
Assets.Scripts.Objects/DynamicThing.cs::HasAtmosphere,read,no,,,"WorldAtmosphere.IsActive(): total moles > MINIMUM_WORLD_VALID_TOTAL_MOLES (0.1 mol, absolute per 8000 L cell)."
Assets.Scripts.Objects/DynamicThing.cs::OnCollisionEnterEvent,none,no,,,"Real member is the field declaration private Atmosphere _worldAtmosphere (L97), backing store of WorldAtmosphere"
Assets.Scripts.Objects/DynamicThing.cs::OnFireTick,gated,yes,WorldAtmosphere = AtmosphericsManager.CloneGlobalAtmosphereThreadSafe(WorldGrid) (line 2211) before OnFireConsume,,Reads WorldAtmosphere pressure against MinimumIgnitionPressurePropane (1.5 kPa absolute) and ShouldIgnite; burning consumes O2 and adds HEAT on the real cloned cell.
Assets.Scripts.Objects/DynamicThing.cs::OnThreadUpdate,read,no,,,Reads WorldAtmosphere Direction and pressure for drag and wind push; PressureFullyApplyVelocity 90 kPa absolute.
Assets.Scripts.Objects/DynamicThing.cs::PhysicsUpdate,read,no,,,"Buoyancy: reads WorldAtmosphere.LiquidVolumeRatio and the GLOBAL SEA (GlobalAtmosphereLiquid.IsUnderGlobalLiquid, GetWorldGridLiquidVolumeRatio). No gas change. | closure pass: L2093 reads _worldAtmosphere.LiquidVolumeRatio for buoyancy; global sea (GlobalAtmosphereLiquid) involved; absolute +0.075 offset"
Assets.Scripts.Objects/DynamicThing.cs::SetWorldAtmosphere,none,no,,,"WRAPPER: stores SampleGlobalAtmosphere(grid) (or crew module / parent internal / parent WorldAtmosphere) into WorldAtmosphere. This is how the read-only copy gets cached on every dynamic thing. | closure pass: L1243 declaration. Stores crew-module / parent internal, parent WorldAtmosphere, or SampleGlobalAtmosphere (may be the read-only copy) in WorldAtmosphere; never clones"
Assets.Scripts.Objects/DynamicThing.cs::Smelt,none,no,,,"Base virtual: forwards to the first slot occupant Smelt with the same atmosphere, else adds reagents; does not touch the atmosphere itself"
Assets.Scripts.Objects/DynamicThing.cs::WorldAtmosphere,none,no,,,"WRAPPER property: returns the cached sample (nulled only if IsInvalidWorld, which is always false for Mode Global). | closure pass: Getter returns _worldAtmosphere, nulling it if IsInvalidWorld (Mode World only); the Global copy is never invalidated so it persists until the next SetWorldAtmosphere"
Assets.Scripts.Objects/Entity.cs::BreathingAtmosphere,none,no,,,WRAPPER property: forwards WorldAtmosphere (virtual; subclasses may override). | closure pass: Wrapper: get/set base.WorldAtmosphere (read-only copy outdoors with no cell)
Assets.Scripts.Objects/Entity.cs::GetExteriorState,read,no,,,Reads WorldAtmosphere.Mode and Room.
Assets.Scripts.Objects/Entity.cs::IsSoiled,read,no,,,"SoilingAtmosphere => WorldAtmosphere (a WRAPPER, line 605); IsAtmosphereSoiled reads polluted-water ratio > 0.1. | closure pass: IsAtmosphereSoiled(SoilingAtmosphere) reads mole totals/ratios only"
Assets.Scripts.Objects/Entity.cs::LifeBreathe,bypass,yes,"NONE (only if (BreathingAtmosphere == null) CloneGlobalAtmosphere, line 1223-1225)",accepted: animals and NPCs outdoors breathe the copy; at most 0.005 mol of oxygen a breath. Humans breathe through a cloned cell,"For any entity whose BreathingAtmosphere is its WorldAtmosphere (base Entity: animals, NPCs, anything not overriding) outdoors with no real cell: Mix(LungAtmosphere, read-only copy) sets the lungs to the volume-weighted planet mix each tick. Free SOURCE of planet gas into the lungs and SINK of exhaled CO2 and lung contents; the TakeBreath CO2 Add to the copy is ignored. Small: <= 0.0048 mol O2 per breath plus one lung volume of exchange per tick per entity. (Decompile shows TakeBreath taking Mole structs by value, probably a lost ref.) | closure pass: Known bypass, the new lines confirm it: AtmosphereHelper.Mix(LungAtmosphere, BreathingAtmosphere) (L1241/L1245) Sets both sides; on the copy the outdoor half is ignored, so lungs are refilled from nowhere and lung CO2 vanishes: SOURCE and SINK. The formula rewrites the whole lung content every tick, but it is bounded by the 6 L lung volume (about 0.25 mol at 100 kPa) and the net flow equals metabolism: about 0.0048 mol O2 in and 0.0024 mol CO2 out per tick per unhelmeted entity outdoors. The MatterState.All branch cannot hit the copy (needs Mode World)"
Assets.Scripts.Objects/Entity.cs::TakeBreath,none,no,,,"Entity.TakeBreath() passes LungAtmosphere.GasMixture.Oxygen and BreathingAtmosphere.GasMixture.CarbonDioxide BY VALUE (Mole is a struct, parameters are not ref): Remove/AddAtTemperature act on copies, so no gas changes anywhere; only AddEnergy(EnergyReleasedPerTick) on the real lungs. Human overrides it (see Human.TakeBreath)"
Assets.Scripts.Objects/Item.cs::OnDecayServer,read,no,,,"Reads WorldAtmosphere temperature, pressure and gas ratios to scale food decay; ranges _min/_maxTemperatureDecayKelvin and _min/_maxPressureDecayKpa are absolute."
Assets.Scripts.Objects/Item.cs::Smelt,gated,yes,"if (localAtmosphere.IsGlobalAtmosphere) CloneGlobalRemoveEnergy(WorldGrid, ...) (line 365-367) else CreateRemoveEnergy on the real atmosphere",,"HEAT: smelting removes IdealGas.Energy(reagent heat capacity, FlashPoint) from the furnace or cell; outdoors via the clone event. | closure pass: L363 declaration, L373 base.Smelt forward. Removes smelting heat IdealGas.Energy(reagent heat capacity, FlashPointTemperature) from a cloned real cell: heat, one-off per item"
Assets.Scripts.Objects/LanderCapsule.cs::OnAtmosphericTick,gated,yes,CloneGlobalAtmosphere(new WorldGrid(Position)) (line 481),,"Open lander Mix(internal, cloned outdoor cell, All) every tick."
Assets.Scripts.Objects/LargeExtendableRadiator.cs::IsHeatedByAtmosphere,read,no,,,Compares outdoor temperature with internal.
Assets.Scripts.Objects/PipeLeak.cs::IsEmitting,read,no,,,Reads outdoor pressure; leak particles when pipe > outdoor + OneAtmosphere (absolute).
Assets.Scripts.Objects/PortableAtmospherics.cs::Delete,gated,yes,"CloneGlobalAddGasMix event (line 229) -> CloneGlobalAtmosphere, when there is no sourceItem",,"Deleting a portable: internal mix to a cloned outdoor cell; if deleted by a source item the internal gas is just Reset (destroyed; device gas, not planet gas)."
Assets.Scripts.Objects/PortableAtmospherics.cs::VentAllAtmosphereToWorld,bypass,yes,"NONE (only WorldAtmosphere == null -> clone, line 119-121)","accepted: on destroying a portable outdoors where no cell exists its contents are lost instead of reaching the planet. One-off, at most a 790 L tank at 10 MPa, about 3,300 mol","OnDestroy of every PortableAtmospherics except the air conditioner (portable tanks, scrubber, etc.): MoveVolume(internal -> WorldAtmosphere, whole volume). With the read-only copy cached, the whole internal mix is destroyed: SINK, once per destroyed portable (a full portable tank can be thousands of mol)."
Assets.Scripts.Objects/RobotMining.cs::GetLogicValue,read,no,,,TemperatureExternal and PressureExternal logic reads of WorldAtmosphere.
Assets.Scripts.Objects/RobotMining.cs::HaltAndCatchFire,gated,yes,CloneGlobal event (line 355) -> CloneGlobalAtmosphere (AtmosphericEventInstance.cs:429),,"Creates a real cell at the robot with zero energy + spark, then explodes."
Assets.Scripts.Objects/SmallGrid.cs::OnFireTick,gated,yes,AtmosphericsManager.CloneGlobalAtmosphereThreadSafe(WorldGrid) (line 185) before OnFireConsume,,Sample at 172 is only read by ShouldIgnite; burning consumes O2 and adds HEAT on a real cloned cell.
Assets.Scripts.Objects/Structure.cs::IsExposedToGlobal,read,no,,,GetWorldAtmosphere() is GetAtmosphereLocal (never the copy); reads IsGlobalAtmosphere and IsCloseToGlobal(1 kPa absolute tolerance).
Assets.Scripts.Objects/Structure.cs::OnFireTick,gated,yes,AtmosphericsManager.CloneGlobalAtmosphereThreadSafe(WorldGrid) (line 2267) before OnFireConsume,,Sample at 2254 is only read by ShouldIgnite; burning acts on a real cloned cell.
Assets.Scripts.Objects/WeatherStation.cs::OnAtmosphericTick,read,no,,,Reads outdoor PressureGasses for turbine speed.
Assets.Scripts.Objects/WeatherStation.cs::OnThreadUpdate,read,no,,,Client: reads outdoor PressureGasses.
Assets.Scripts.Serialization/XmlSaveLoad.cs::GetWorldData,internal,no,,,Save: TerraForming.Serialize() (vegetation) and worldData.PlanetaryAtmosphere = PAS.Save() right after AllAtmospheres are collected (known D12 cache skew; the mod prefix refreshes caches).
Assets.Scripts.Serialization/XmlSaveLoad.cs::LoadWorld,internal,yes,"CloneGlobalAtmosphere(saved position, refId) (line 1107), then Atmosphere.Load overwrites the cell",,"Load: TerraForming.Deserialize, PAS.Load(worldData.PlanetaryAtmosphere, revision) (line 1069), then every saved world cell is built with CloneGlobalAtmosphere (debits the tank through the switch) and immediately Reset + overwritten by Atmosphere.Load: a per-load SINK of one cell share per saved cell (8000 L is absolute: the share is 20x larger when tank volume is x0.05). Already known as D1, fixed by the gate being off while GameState is Loading."
Assets.Scripts.Sound/AtmosphericAudioHandler.cs::ManageWindAudio,display,no,,,"Wind and storm audio from the player's WorldAtmosphere and sampled neighbours' Direction; MinimumLocalAtmosPressure 1 kPa absolute. On clients calls GetOpenAirNeighbors on the (possibly shared read-only) atmosphere: touches its neighbour list, not gas."
Assets.Scripts.Sound/GameAudioSource.cs::CalculateAndSetAtmosphericVolume,display,no,,,Audio volume = outdoor pressure / AtmosAudioVolumeThreshold (3 kPa absolute).
Assets.Scripts.Sound/ListenerEffectManager.cs::ManagerUpdate,display,no,,,Low-pass filter from the player's WorldAtmosphere.RatioOneAtmosphereClamped.
Assets.Scripts.UI.ImGuiUi/TerraformingGasCurveData.cs::Register,internal,no,,,"Data load: registers a per-gas GHG index curve into TerraForming.TerraformingGasCurves (feeds the planet temperature formula). Curves are per mmol/L, so they follow tank volume correctly."
Assets.Scripts.UI.ImGuiUi/WorldSettingToolsImguiWindow.cs::Draw,display,yes,,,"Dev debug window (console command). Shows PAS temperature terms including LatentOffset and ExternalInputOffset. CAN MUTATE THE PLANET: the Global GasMix tab edits GlobalAtmosphereData.Volume and calls PAS.RegenerateGlobalFromData (replaces the tank from world data, no conservation); the key-frame editors edit the live WorldSetting temperature curves in place."
Assets.Scripts.UI.ImGuiUi/WorldSettingToolsImguiWindow.cs::DrawGlobalMolesPerLiter,display,no,,,Shows tank mmol/L per gas and its GHG curve value.
Assets.Scripts.UI.ImGuiUi/WorldSettingToolsImguiWindow.cs::Populate,display,no,,,"Binds graph editors to the live GlobalAtmosphereData curve objects (SolarAngle, SolarRadiation, GHG, Density offsets) and TerraformingGasCurves; edits made through them change planet temperature."
Assets.Scripts.UI.ImGuiUi/WorldSettingToolsImguiWindow.cs::UpdateAggregateTemperature,display,no,,,Builds a throwaway GlobalGasMix.Create(world data) and plots GetGlobalGasMixTemperature over 181 solar angles; does not touch the live tank.
Assets.Scripts.UI/ImGuiManager.cs::RenderOverlay,display,no,,,Debug overlay: PAS.DrawOnScreenDebug and TerraForming.ImguiDebug.
Assets.Scripts.UI/PlayerStateWindow.cs::ShowGasJetpackUI,display,no,,,HUD: canister pressure minus the jetpack's WorldAtmosphere pressure.
Assets.Scripts.UI/PlayerStateWindow.cs::Update,display,no,,,HUD external pressure and temperature from Parent.WorldAtmosphere. | closure pass: Reads BreathingAtmosphere temperature/pressure for the HUD
Assets.Scripts.UI/StatusUpdates.cs::OxygenTooltip,display,no,,,Reads PartialPressureO2 for tooltip
Assets.Scripts.UI/StatusUpdates.cs::RefreshAtmosphereValues,display,no,,,Caches Parent.BreathingAtmosphere in private field StatusUpdates._atmosphere; every use in the class reads pressure/temperature/toxins
Assets.Scripts.UI/StatusUpdates.cs::StunTooltip,display,no,,,Reads PartialPressureNitrousOxide for tooltip
Assets.Scripts.Util/Achievements.cs::AchieveJetpackCritical,read,no,,,Reads outdoor pressure + 100 kPa (absolute) for an achievement test.
Assets.Scripts/AtmosphericEventInstance.cs::Apply,internal,yes,dispatch only; the CloneGlobal* cases call CloneGlobalAtmosphere,,"Event dispatcher. The non-clone cases (AddGasMixture, RemoveGasMixture, AddEnergy, RemoveEnergy, SetGasMixture on a stored _atmosphere) have no guard: a caller queuing CreateAdd / CreateRemove / CreateRemoveEnergy with a sampled read-only atmosphere would bypass. Callers must guard (the Smelt overrides do)."
Assets.Scripts/AtmosphericEventInstance.cs::CloneGlobal,gated,yes,CloneGlobalAtmosphere(_worldGrid) (line 429),,"Static queues the event; the instance method clones a real cell and AddEnergy (HEAT, optional spark)."
Assets.Scripts/AtmosphericEventInstance.cs::CloneGlobalAddGas,gated,yes,CloneGlobalAtmosphere(_worldGrid) (line 439),,Clones a real cell and Adds the queued gas mixture.
Assets.Scripts/AtmosphericEventInstance.cs::CloneGlobalAddGasMix,gated,no,queues the CloneGlobalAddGas event (line 259),,Static enqueue only (if RunSimulation); the work is in CloneGlobalAddGas.
Assets.Scripts/AtmosphericEventInstance.cs::CloneGlobalRemoveEnergy,gated,yes,CloneGlobalAtmosphere(_worldGrid) (line 458),,Clones a real cell and RemoveEnergy (HEAT out of the cell).
Assets.Scripts/AtmosphericEventInstance.cs::DivideWorldAtmosphere,gated,yes,GetAtmosphereLocal for the source; CloneGlobalAtmosphere(neighbour).Add (line 486),,"A cell being blocked splits its gas equally over cloned open neighbours, then is removed from AllAtmospheres and Reset. With 0 open neighbours the gas is simply Reset: SINK of that cell's contents (not returned to the planet via Deregister)."
Assets.Scripts/AtmosphericEventInstance.cs::StructureReleaseGrid,gated,yes,"PAS.TakeGlobalGasMix(atmosphere.Volume) (line 423, switched), guarded by !IsInSpaceAtmosphere",,A freed grid with no real or room neighbours gets a new cell filled by TakeGlobalGasMix (debits the tank); nothing above the space line.
Assets.Scripts/AtmosphericsController.cs::Clear,internal,no,,,"MISATTRIBUTED by the census: line 158 is in the constructor AtmosphericsController(GridController): PAS.CreateGlobalAtmosphere(WorldSetting.Current.Data.GlobalAtmosphereData) for the world controller, which creates the tank. Clear() itself only destroys visualisers."
Assets.Scripts/AtmosphericsController.cs::CloneGlobalAtmosphere,gated,yes,"GetAtmosphereLocal first; a new cell -> PAS.CloneGlobalGasMix (line 309, switched) unless IsGridAwaiting",,"THE gate: returns the existing real cell, or builds one and debits the tank by cell.Volume / tank.Volume of its contents. No gas above _spaceGridHeight (1000 m). Throws on client. An awaiting grid gets an EMPTY cell (no debit)."
Assets.Scripts/AtmosphericsController.cs::HasAtmosphere,read,no,,,SampleGlobalAtmosphere(grid)?.IsActive().
Assets.Scripts/AtmosphericsController.cs::IgniteAtmosphere,gated,yes,GetAtmosphereLocal + !IsGlobalAtmosphere (line 349-350),,Adds ignition energy + spark to an existing real cell only; does nothing when no real cell exists.
Assets.Scripts/AtmosphericsController.cs::ReadonlyGlobalAtmosphere,none,no,,,"Static forwarder: returns PAS.ReadOnlyGlobal(grid), the shared read-only copy (empty space copy at/above 1000 m). Wrapper: its callers need census. | closure pass: L103 declaration: forwards PAS.ReadOnlyGlobal(new WorldGrid(grid)): always the read-only copy (or read-only space)"
Assets.Scripts/AtmosphericsController.cs::SampleGlobalAtmosphere,none,no,,,"THE sampler: GetAtmosphereLocal(grid) ?? PAS.ReadOnlyGlobal(grid); null for INVALID grid. Returns real cell, crew-module internal, or the read-only copy. Wrapper, no mutation itself."
Assets.Scripts/ContactSlotData.cs::IsValid,read,no,,,"PlaneCondition: plane-type trader shuttles only valid if PAS.GlobalPressure >= 1 kPa. Absolute threshold on planet pressure (intensive, independent of tank volume)."
Assets.Scripts/FragmentHandler.cs::ReadStateImmediate,none,no,,,"Calls TerraForming.Deserialize(reader), which has an empty body. Planet is not networked."
Assets.Scripts/FragmentHandler.cs::WriteStateImmediate,none,no,,,"Calls TerraForming.Serialize(writer), empty body. Planet is not networked."
Assets.Scripts/GameManager.cs::ClearGameAll,internal,no,,,"Teardown: TerraForming.Clear (plant counts), PAS.Clear (nulls tank, clouds, caps, zeroes Latent and ExternalInput energy counters), GlobalAtmosphereLiquid.Clear (sea height -1000)."
Assets.Scripts/GameManager.cs::GameTick,internal,no,,,"Host tick driver: TerraForming.UpdateGlobalVegetation (only sets a clutter-refresh flag), GlobalAtmosphereLiquid.UpdateLiquid (sea height, runs even when !RunSimulation), PAS.TickPlanetarySimulation under RunSimulation (phase change, rain/snow scheduling, read-only rebuild, temperature cache)."
Assets.Scripts/GlobalGasMix.cs::(type),internal,no,,,Tank type: 28 private mole quantities + Volume (private set: ctor or Load). Static GlobalTemperatureStateChangeOffset = 2 K absolute hysteresis for all planet phase change. _added/_removed debug counters.
Assets.Scripts/GlobalGasMix.cs::Add,internal,yes,"NONE (operates on tank objects, not cells)",,Adds another GlobalGasMix into this one by matter state; used by TickPlanetarySimulation to tip full cloud buckets back into the tank (liquid+gas).
Assets.Scripts/GlobalGasMix.cs::AddGas,internal,yes,NONE (tank object),,Private: sums 13 gas fields from other mix. Bookkeeping.
Assets.Scripts/GlobalGasMix.cs::AddLiquid,internal,yes,NONE (tank object),,Private: sums 15 liquid fields from other mix. Liquids: how rain/snow bucket contents land in the tank as liquid (global sea).
Assets.Scripts/GlobalGasMix.cs::Create,internal,no,,,"Builds a tank from world XML: Volume = data.GetVolume() (default 4e10 L), each gas = per-cell Quantity * Volume/8000. Initial moles scale with Volume, so density is volume-invariant."
Assets.Scripts/GlobalGasMix.cs::FreezeMoleQuantity,internal,yes,NONE (tank object),,Moves up to max moles of a gas/liquid from this mix to output (ice clouds or ice caps) when planet temperature < freezing + 2 K (GlobalTemperatureStateChangeOffset); returns latent energy for LatentEnergyOffset. Temperature from GetGlobalGasMixTemperature on THIS mix. Helium excluded (CanFreeze).
Assets.Scripts/GlobalGasMix.cs::GetGlobalGasMixTemperature,read,no,,,"Planet temperature formula: solar-angle base + running WeatherEvent.TemperatureOffset + solar distance + GHG (TerraForming.GetGhgIndex, mmol/L) + density (mmol/L over full Volume, liquid volume NOT subtracted) + latent/heatCap + ExternalInput/heatCap. Reads both energy counters via PAS getters. Heat capacity is whole-planet (tank+clouds+caps), so the same joules give 20x the kelvin at 0.05 volume."
Assets.Scripts/GlobalGasMix.cs::MeltMoleQuantity,internal,yes,NONE (tank object),,Melts up to max moles from this mix (ice caps) into output (tank) via Mole.MeltGlobalLiquidMoles with 2 K offset; temperature evaluated on the caps mix itself (no gas => GHG/density read the vacuum end). Returns latent energy.
Assets.Scripts/GlobalGasMix.cs::MixGasses,internal,yes,NONE (tank object),,Equalises gas between two GlobalGasMix by gas volume. No callers anywhere in the decompile (dead code).
Assets.Scripts/GlobalGasMix.cs::MoveLiquids,internal,yes,NONE (tank object),,Moves all liquid to target mix. No callers anywhere in the decompile (dead code).
Assets.Scripts/GlobalGasMix.cs::StateChangeMoleQuantity,internal,yes,NONE (tank object),,Condenses tank gas into output (liquid clouds) via Mole.ChangeState at planet total pressure computed over VolumeForGas (Volume minus liquid volume) with 2 K offset; skipped if temp < freezing+2 K. Returns latent energy. Liquids and latent heat.
Assets.Scripts/GlobalGasMix.cs::TryEvaporateGroundLiquid,internal,yes,NONE (tank object),,Evaporates tank liquid into tank gas (output is the same tank) via ChangeState; re-evaluates temperature after the move and reverts if now below freezing+2 K. Returns latent energy. Global sea -> air.
Assets.Scripts/GlobalGasMixSaveData.cs::Create,internal,no,,,"Save DTO built from a tank: copies Volume and all 28 quantities. NOTE Volume is saved and GlobalGasMix.Load restores it, so an existing save keeps its old tank volume regardless of world XML."
Assets.Scripts/NetworkClient.cs::ProcessJoinData,none,no,,,Calls TerraForming.DeserializeOnJoin(reader): empty body. Client gets no planet state on join.
Assets.Scripts/NetworkServer.cs::PackageJoinData,none,no,,,Calls TerraForming.SerializeOnJoin(writer): empty body.
Assets.Scripts/OcclusionManager.cs::(type),read,no,,,"Inside delegate OcclusionDynamicThingAction (line 155): on grid change calls dynamicThing.SetWorldAtmosphere() (re-samples) and moves the thing between old/new WorldAtmosphere.AllDynamicThings lists. No gas/energy change, BUT it Adds/Removes things on the shared read-only copy's AllDynamicThings list when outdoors without a cell (shared list pollution, not gas). | closure pass: L206/L214 call dynamicThing.SetWorldAtmosphere() after moving the thing grid (refreshes the cached sample, no gas); L257 stores AtmosphericsController.HasAtmosphere(grid) bool in structure.HasAtmosphere"
Assets.Scripts/OrbitalViewController.cs::SampleWorldAtmosphere,display,no,,,"Every 5 s reads ReadOnlyGlobal(0,0,0) and PAS.GlobalPressure to derive orbital-view atmosphere density (pow(P/100 kPa, 0.4)) and colour from gas mix. Read only."
Assets.Scripts/PlanetaryAtmosphereSaveData.cs::(type),internal,no,,,"Save DTO: GlobalGasMix, LiquidClouds, IceClouds, IceCaps, LatentEnergyOffset, EnergyOffset (ExternalInput)."
Assets.Scripts/PlanetaryAtmosphereSimulation.cs::(type),internal,no,,,"Static planet state: tank, liquid clouds, ice clouds (100,000 L each), ice caps (1e7 L), LatentEnergyOffset, ExternalInputEnergyOffset, SpaceHeight 1000, MELT/FREEZE ratios and minimum quantities, IsGlobalInteraction => false. All reservoir volumes and minimum rates are absolute."
Assets.Scripts/PlanetaryAtmosphereSimulation.cs::AddEnergy,gated,yes,IsGlobalInteraction switch (line 170),,Switched site: ExternalInputEnergyOffset += energy (positive only) under lock. Heat counter.
Assets.Scripts/PlanetaryAtmosphereSimulation.cs::CacheTemperatureCurveOffsets,internal,no,,,"Per tick caches each temperature term (solar angle, weather TemperatureOffset, solar distance, GHG, density, latent, external) and AggregateTemperature for debug/UI. Reads tank and both energy counters; writes only cached display statics."
Assets.Scripts/PlanetaryAtmosphereSimulation.cs::Clear,internal,no,,,"Nulls tank/clouds/caps, zeroes LatentEnergyOffset and ExternalInputEnergyOffset, clears cached temps. Note _readOnlyGlobal is not nulled."
Assets.Scripts/PlanetaryAtmosphereSimulation.cs::CloneGlobalGasMix,gated,yes,IsGlobalInteraction switch (line 104); early return at/above space height (line 96),,"Switched site: sets target cell gas = tank gas * (cell.Volume/tank.Volume) and, if switched on, removes that from the tank. Gas only (ToInstancedGasMixture is MatterState.Gas): tank liquid is never cloned into cells. Scales by full Volume not VolumeForGas. Space cells get nothing."
Assets.Scripts/PlanetaryAtmosphereSimulation.cs::CondenseGlobalGasToLiquidClouds,internal,yes,NONE (tank bookkeeping),,"For each gas type: tank.StateChangeMoleQuantity into _liquidClouds, latent heat added to LatentEnergyOffset. 10%/tick per Mole.ChangeState. Cloud bucket 100,000 L absolute."
Assets.Scripts/PlanetaryAtmosphereSimulation.cs::CreateGlobalAtmosphere,internal,yes,NONE (creates planet),,"Builds tank from world data, clouds 100,000 L x2, ice caps 1e7 L (absolute constants), read-only space copy (empty, Mode Global) and read-only global 8000 L copy (Mode Global, SetReadOnly). Initial copy is scaled by GridVolume/VolumeForGas() whereas the per-tick rebuild uses /Volume (inconsistent; only matters with liquid in the tank)."
Assets.Scripts/PlanetaryAtmosphereSimulation.cs::EvaporateGlobalLiquid,internal,yes,NONE (tank bookkeeping),,"For each liquid type: tank.TryEvaporateGroundLiquid(tank), latent to LatentEnergyOffset. Global sea evaporation."
Assets.Scripts/PlanetaryAtmosphereSimulation.cs::FreezeGlobalGasToIceClouds,internal,yes,NONE (tank bookkeeping),,For each gas: tank.FreezeMoleQuantity into _iceClouds with MoleQuantity.MaxValue: the WHOLE gas freezes out in one tick when below freezing+2 K. Latent to LatentEnergyOffset.
Assets.Scripts/PlanetaryAtmosphereSimulation.cs::FreezeGlobalLiquidToIceCaps,internal,yes,NONE (tank bookkeeping),,"For each liquid: freeze into _iceCaps at max(3000 mol, 4.17e-5 of tank liquid) per tick. The 3000 mol floor is ABSOLUTE: 20x faster per cell at 0.05 volume."
Assets.Scripts/PlanetaryAtmosphereSimulation.cs::GetExternalInputEnergyOffset,read,no,,,"Returns ExternalInputEnergyOffset / total planet heat capacity (tank+clouds+caps) as K; zero in GameState.None. Heat capacity scales with tank volume, so the same joules give 20x the kelvin at 0.05 volume."
Assets.Scripts/PlanetaryAtmosphereSimulation.cs::GetGlobalGasMix,none,no,,,Returns the live tank object (_globalGasMix) to any caller: exposes Add/Remove/Set on the tank outside the lock. Wrapper: callers need census.
Assets.Scripts/PlanetaryAtmosphereSimulation.cs::GetLatentTemperatureOffset,read,no,,,LatentEnergyOffset / planet heat capacity as K; zero in GameState.None.
Assets.Scripts/PlanetaryAtmosphereSimulation.cs::GiveToGlobal,gated,yes,IsGlobalInteraction switch (line 156),,Switched site: tank.Add(mix) and ExternalInputEnergyOffset += heatCapacity*(mix T - planet T). Discards everything when the switch is off. Heat counter; whatever liquid the mixture carries goes to the tank too.
Assets.Scripts/PlanetaryAtmosphereSimulation.cs::IsInSpaceAtmosphere,read,no,,,"grid.y >= SpaceHeight*10 (1000 m, absolute). Pure geometry."
Assets.Scripts/PlanetaryAtmosphereSimulation.cs::Load,internal,yes,NONE (load),,"Restores tank, caps, clouds (each including its saved Volume) and both energy counters; skipped entirely for saves older than 26973 or null data. Saved Volume overrides world XML volume."
Assets.Scripts/PlanetaryAtmosphereSimulation.cs::MeltIceCapsToGlobal,internal,yes,NONE (tank bookkeeping),,"For each liquid type: caps.MeltMoleQuantity into tank at max(1000 mol, 1.39e-5 of caps) per tick; the 1000 mol floor is ABSOLUTE. Temperature evaluated on the caps mix. Latent to LatentEnergyOffset."
Assets.Scripts/PlanetaryAtmosphereSimulation.cs::ReadOnlyGlobal,none,no,,,Returns _readOnlySpace (empty) at/above 1000 m else _readOnlyGlobal. The read-only source itself. Wrapper.
Assets.Scripts/PlanetaryAtmosphereSimulation.cs::RegenerateGlobalFromData,internal,yes,NONE (rebuild),,"Replaces the tank from world data and resets the read-only copy (scaled by VolumeForGas). Discards current tank contents; clouds, caps and energy counters untouched. Its callers are not in this worklist."
Assets.Scripts/PlanetaryAtmosphereSimulation.cs::RemoveEnergy,gated,yes,IsGlobalInteraction switch (line 182),,"Switched site: ExternalInputEnergyOffset -= energy (positive only). Heat counter; no floor, can go negative without limit."
Assets.Scripts/PlanetaryAtmosphereSimulation.cs::Save,internal,no,,,"Serialises tank, clouds, caps and both energy counters to PlanetaryAtmosphereSaveData."
Assets.Scripts/SpawnData.cs::(type),none,no,,,Name collision: XML element constant 'WorldAtmosphere' and List<WorldAtmosphereSpawnData> for scenario spawn data.
Assets.Scripts/SpawnData.cs::Add,none,no,,,Name collision: writes WorldAtmosphereSpawnData children to XML (editor export).
Assets.Scripts/TraderContact.cs::EnvironmentRequirementMet,read,no,,,"Samples air at landing pad; checks pressure in safe band, 0-50 C, toxins, O2 (or methane for Zrilian) partial pressure. Read only. No null check on the sample."
AtmosphericScattering.cs::ManagerUpdate,display,no,,,"The 8th switched site: if PAS.IsGlobalInteraction, sky scattering follows the live planet air (UpdateAtmosphericScatteringToGlobalAtmosphere). Fog fades to 0 at camera y=1000 (absolute)."
AtmosphericScattering.cs::UpdateAtmosphericScatteringToGlobalAtmosphere,display,no,,,"Reads ReadOnlyGlobal at grid zero, builds AtmosphericScatteringBlend, sets densities/ramps/skybox thickness; fog intensity scales with pressure/2 kPa clamped. Read only."
AtmosphericScatteringBlend.cs::(type),display,no,,,"Ctor compares read-only cell TotalMolesGases with world XML per-cell total (fallback 40 mol per cell: absolute but per-cell, so volume-invariant); maps sky density 0..1x below, 1x..10x above. Read only."
AtmosphericsWorker.cs::CacheDataTask,read,no,,,"UpdateCache on queued atmospheres; marks IsCachable unless IsGlobalAtmosphere. Flag only, no gas."
GlobalAtmosphereData.cs::(type),internal,no,,,"World XML schema: base temperature curve, solar radiation/GHG/density offsets, start gas per cell, Volume default 4e10 L. TotalMolesGasses() sums per-cell quantities."
GlobalAtmosphereData.cs::GetGHGTemperatureOffset,read,no,,,Evaluates GHG day/night curve at ghg index. Pure.
GlobalAtmosphereData.cs::GetSolarDistanceTemperatureOffset,read,no,,,Evaluates solar radiation day/night curve at solar energy percent. Pure.
GlobalAtmosphereLiquid.cs::(type),read,no,,,"Global sea state: RenderThreshold = 1.5e6 L * LiquidVolumeMultiplier evaluated ONCE at static init (tank null then => multiplier 1.0); heights 2..10 m, default -1000. Absolute litre threshold: at 0.05 volume the sea appears with 20x less liquid per cell."
GlobalAtmosphereLiquid.cs::IsUnderGlobalLiquid,read,no,,,pos.y < LiquidHeight and not in a room. Read only.
GlobalAtmosphereLiquid.cs::UpdateLiquid,read,no,,,"IsRendered = PAS.LiquidVolume > 1.5e6 L (absolute); LiquidHeight = lerp(2, 10, LiquidVolumeRatio = liquid L / tank Volume) (relative). Sea is derived from tank liquid; does not change it."
GlobalTemperatureCurveOffset.cs::(type),read,no,,,"Day/Night curve pair; day <70 deg, night >110 deg, eased between. Single-arg GetOffset throws NotImplementedException. Pure data."
GlobalTemperatureFloatOffset.cs::(type),read,no,,,"Day/Night float pair, linear blend 70..110 deg; the type behind WeatherEvent.TemperatureOffset. Pure data."
Networks/AtmosphericsNetwork.cs::ApplyPressureDamageToWeakest,read,no,,,Samples outdoor pressure at weakest pipe to compute burst damage. Read only.
Networks/AtmosphericsNetwork.cs::EvaluateStressClient,read,no,,,Client: samples outdoor pressure for Stressed flag. Read only; no null check.
Networks/AtmosphericsNetwork.cs::ScanStructuresAndEvaluate,read,no,,,Samples outdoor pressure at each pipe grid to set Stressed / find weakest member. Read only.
NewWorldSummary.cs::SetWorld,display,no,,,"New-world menu: builds a throwaway GlobalGasMix from XML to show temperature and pressure ranges (pressure = total moles over data volume, volume-invariant)."
Objects.Electrical/AdvancedComposter.cs::AtmosphericProcessing,gated,yes,CloneGlobalAtmosphere (line 422),,"Removes water from pipe; creates ExpelledGas from nothing (per-minute quantity/60*tick, absolute device rate) and Adds it to a real cloned outdoor cell. New matter enters the planet via the cell path; the clone debits the tank."
Objects.Electrical/FridgePowered.cs::(type),none,no,,,"L23 field declaration private Atmosphere _worldAtmosphere; private, only used in OnAtmosphericTick"
Objects.Electrical/FridgePowered.cs::InitInternalAtmosphere,read,no,,,"On build: reads sampled outdoor temperature (if above Armstrong) to set the fridge internal gas temperature, else 20 C. Creates 1.72 mol N2 internally from nothing (not planet). No null check on the sample."
Objects.Electrical/FridgePowered.cs::OnAtmosphericTick,bypass,yes,NONE,"accepted: heat only, no gas. Up to 1000 J a tick (2 kW) shed outdoors never reaches the planet's heat counter","Cooling: removes up to HeatTransferJoulesPerTick = 1000 J from internal gas and AddEnergy to the SAMPLED atmosphere (stored in field _worldAtmosphere). On the read-only copy the Mole.Energy setter ignores it: heat SINK, up to 1000 J/tick per fridge never reaches ExternalInputEnergyOffset. Energy only, no gas. Absolute rate. Heating branch adds energy to internal only. | closure pass: L65 _worldAtmosphere.GasMixture.AddEnergy(energy2) on an unguarded SampleGlobalAtmosphere: outdoors with no cell the rejected heat is silently dropped (Mole.Energy setter checks ReadOnly) and never reaches PAS.AddEnergy: a HEAT SINK, no gas. Formula cap HeatTransferJoulesPerTick = 1000 J/tick (absolute); in practice bounded by the small fridge internal atmosphere (1.72 mol N2, about 5 kJ one-off pull-down from 293 K to GoalTemperature 142 K), then only the box convective leak-in. Negligible at planet scale"
Objects.Electrical/LandingPadCenter.cs::OnAtmosphericTick,gated,yes,CloneGlobalAtmosphere (line 882) before Mix,,"Sample used only for pressure reads; when broken, Mixes landing pad network with a cloned real cell (All states). If network ~empty and sample null, resets network gas (destroys <0.001 kPa in the network, not planet)."
Objects.Electrical/LandingPadGasStorage.cs::OnAtmosphericTick,gated,yes,CloneGlobalAtmosphere (line 81) before Mix,,"Same pattern as LandingPadCenter: sample for pressure/damage reads, broken => Mix with cloned real cell. Reset below Chemistry.ResetThreshold destroys trace gas in the network only."
Objects.Electrical/LiquidDrain.cs::OnPreAtmosphere,gated,yes,CloneGlobalAtmosphere (line 74),,Moves MolesDrainedPerTick (All states) from pipe into a cloned real cell. Liquids to outdoor cell. Absolute device rate.
Objects.Items/Consumable.cs::Smelt,gated,yes,"if (localAtmosphere.IsGlobalAtmosphere) AtmosphericEventInstance.CloneGlobalRemoveEnergy (lines 154-156), else CreateRemoveEnergy on the real cell",,"Smelting removes heat (reagent heatCapacity * flash point) from the local air; on the read-only copy it queues an event that clones a real cell first, then RemoveEnergy. Energy only. | closure pass: L145 declaration. Heat removal from a cloned real cell, one unit per call"
Objects.Items/FilterMask.cs::OnAtmosphericTick,bypass,yes,NONE,accepted: one mask volume per wearer per tick,"Unguarded WorldAtmosphere: Adds exhaled internal gas to it (SINK on read-only copy), MoveToEqualize(WorldAtmosphere -> Internal, MaxValue, All) (free SOURCE: Remove returns moles, copy unchanged), then FilterGas moves filtered species from internal into WorldAtmosphere (SINK). Both source and sink; per wearer per tick about the mask internal volume equalised to outdoor pressure (small). Subclass of GasMask."
Objects.Items/PneumaticMiningDrill.cs::EjectInternalAtmosphere,gated,yes,if (WorldAtmosphere == null || WorldAtmosphere.Mode == AtmosphereMode.Global) WorldAtmosphere = CloneGlobalAtmosphere (lines 289-291),,Vents drill exhaust into a real cell; overwrites the cached WorldAtmosphere with the clone. Host only (clone throws on client).
Objects.Items/PneumaticMiningDrill.cs::PressureDifferential,read,no,,,Reads WorldAtmosphere pressure vs fuel tank pressure. Read only.
Objects.Pipes/OrganPipe.cs::OnAtmosphericTick,gated,yes,CloneGlobalAtmosphere (line 39),,"MoveToEqualizeBidirectional between pipe network and cloned real cell, gas only. Absolute constants: OrganPressureDelta 10 kPa, _pressurePerTick 20 kPa/tick. Stores the clone in _environment (a real cell)."
Objects.Pipes/PassiveLiquidDrain.cs::OnAtmosphericTick,gated,yes,CloneGlobalAtmosphere (line 26),,"DrainLiquids from pipe network to cloned real cell, up to min(PipeVolume, half the network liquid) per tick. Liquids."
Objects.RoboticArm/RoboticArmDockAtmos.cs::GetInputAtmos,none,no,,,"Private wrapper: docked vent pipe atmosphere else SampleGlobalAtmosphere at arm vent. All callers are GetLogicValue reads (pressure, temp, ratios, moles, combustion). | closure pass: L531 declaration: returns the docked vent pipe network atmosphere else an unguarded SampleGlobalAtmosphere at the arm vent; its callers are already in the ledger"
Objects.RoboticArm/RoboticArmDockAtmos.cs::GetLogicValue,read,no,,,logic readout of the input atmosphere
Objects.RoboticArm/RoboticArmDockAtmos.cs::HandleOverPressure,read,no,,,Samples outdoor pressure at arm vent vs internal for overpressure damage (MAXPressure 600 atm). No null check.
Objects.RoboticArm/RoboticArmDockAtmos.cs::HandleVentDirection,bypass,yes,NONE,"accepted: only when no pipe is docked, and then the gas can only fill or empty the dock's own small internal volume once; per tick it is the smaller of the 1 atm formula cap and that volume. A few moles, one-off. (A first reading took the formula cap, 330 mol a tick, for a flow: it is not)","When there is no DockedVent pipe network, the SAMPLED atmosphere is handed to PumpGasInward (targetAtmosphere.Remove => free SOURCE from read-only copy; with a filter the rejects are Added back => lost) and PumpGasOutward (targetAtmosphere.Add / FilterGas into it => SINK). Rate PressurePerTick = 1 atm per tick over an 8000 L cell (~330 mol/tick at 293 K), absolute. Both source and sink."
Objects.RoboticArm/RoboticArmDockAtmos.cs::VentArmAtmosphereToWorld,gated,yes,AtmosphericEventInstance.CloneGlobalAddGasMix (line 481) clones a real cell then Adds,,"Dumps the arm internal gas to a real cloned cell via queued event, then resets internal."
Objects.Rockets/CrewModule.cs::GetExitAtmosphere,gated,no,"CloneGlobalAtmosphere(_exteriorGrid, allowCrewModules:false) (line 154)",,"Returns a real cloned cell outside the hatch; caller OnAtmosphericTick Mixes cabin with it when open (gas, or All if submerged) and dumps cabin liquid. Returns a real cell, never the copy."
Objects.Rockets/CrewModule.cs::SamplePlasmaWorldAtmosphere,display,no,,,"Every 5 s reads PAS.GlobalPressure for re-entry plasma VFX density pow(P/100, 0.35)."
Objects.Rockets/CrewModuleActiveVent.cs::GetWorkingAtmosphere,gated,no,CloneGlobalAtmosphere (line 38),,Returns crew module internal atmosphere or a real cloned cell. Never the copy. (Base ActiveVent.GetWorkingAtmosphere also clones.)
Objects.Rockets/CrewModulePassiveVent.cs::GetWorkingAtmosphere,gated,no,CloneGlobalAtmosphere (line 30),,Returns crew module internal atmosphere or a real cloned cell. Never the copy.
Objects.Rockets/Rocket.cs::Explode,gated,yes,AtmosphericEventInstance.CloneGlobalAddGasMix (line 2451),,Creates methane+oxygen equal to rocket fuel at 1000 K from nothing and adds to a cloned real cell with spark. New matter and heat enter the planet via the cell path.
Objects.Structures/Geyser.cs::OnAtmosphericTick,gated,yes,CloneGlobalAtmosphere (line 115),,"Tapped geyser creates _expelledGasses (absolute moles/tick at set temperature) from nothing into the cloned cell above it while cell pressure < _maxPressureKpa (absolute). A designed SOURCE of new matter into the planet through a real cell; unbounded over time with the tank switched on, and 20x stronger per cell at 0.05 volume."
Objects.Structures/WaterDevice.cs::IsMinimumWorldPressure,read,no,,,"Sampled outdoor pressure >= MinimumWorldPressure 30 kPa (absolute, intensive) gates water devices."
Objects/WindTurbineGenerator.cs::GetWorldAtmospherePressure,read,no,,,Returns ReadonlyGlobalAtmosphere pressure (0 in a room) for turbine output; power scales with planet pressure
Rooms/RoomEvaluator.cs::ThreadedWork,gated,yes,CloneGlobalAtmosphere (line 142),,"When a room is sealed, every grid of it gets a cloned real cell (to set .Room): each newly created cell is filled from the tank (debit one cell's worth per room grid). Rooms start full of planet air."
Rooms/RoomHelper.cs::AddGridToRoom,gated,yes,"CloneGlobalAtmosphere (line 38), or GetAtmosphereLocal ?? new empty Atmosphere when createEmptyAtmosphere (line 35)",,Assigns room to a grid: clones a real cell from the planet unless createEmptyAtmosphere (then creates an EMPTY cell without touching the tank).
Sound/EnvironmentalAudioHandler.cs::HandleReverb,read,no,,,Reads player WorldAtmosphere.RatioOneAtmosphereClamped for reverb / has-atmosphere. Read only.
TerrainSystem/VoxelTerrain.cs::ApplyVoxelWorldEffects,gated,yes,AtmosphericEventInstance.CloneGlobal (line 1048) clones a real cell,,"VoxelAdd queues CloneGlobal with zero energy (creates a planet-filled cell, debits tank); VoxelRemove queues CreateEmpty (empty cell, which then refills from neighbours/planet). Then rechecks rooms and connections."
TraderShuttle.cs::ExplodeEffects,gated,yes,AtmosphericEventInstance.CloneGlobalAddGasMix (line 248),,Creates FuelExplosionMoles of methane/oxygen (2:1) at 1000 K from nothing into a cloned real cell with spark. New matter into planet via the cell path.
Trading/NetworkCondition.cs::Evaluate,read,no,,,Trader contract condition: checks ScannedAtmosphere.Mode == Network and its network type; read
Trading/ThingPrefabCondition.cs::Evaluate,read,no,,,Trader contract condition: compares ScannedAtmosphere.Thing.PrefabHash; read
Util.Commands/AtmosphereCommands.cs::Execute,display,no,,,'global' toggles PAS.DrawGlobalDebug overlay.
Util.Commands/VegetationCommand.cs::Execute,none,no,,,"Sets GlobalPlant.Count / toggles TerraForming.DrawDebug. Vegetation registry only, no gas or heat."
ValueRange.cs::(type),display,no,,,Ctor builds a throwaway tank from XML and sweeps GetGlobalGasMixTemperature over solar angle for the world-summary min/max temperature. Includes live latent/external offsets if a game is running.
WorldManager.cs::HasGravityAtHeight,read,no,,,height < PAS.SpaceHeight (1000 m absolute). Geometry only.
WorldManager.cs::InitializeWorldEnvironment,internal,yes,NONE (creates planet),,Calls PAS.CreateGlobalAtmosphere(world GlobalAtmosphereData) at world init (a later save Load overrides it).
WorldManager.cs::LoadGameDataAsync,none,no,,,TerraForming.Initialize(): registers plant prefabs as GlobalPlants. No gas or heat.
WorldSetting.cs::(type),read,no,,,"Forwarding properties SolarAngleTemperatureCurve and GlobalGasMixData from Data.GlobalAtmosphereData (static world composition, not the live tank)."
WorldSettingData.cs::(type),none,no,,,Field declaration: [XmlElement('GlobalAtmosphere')] GlobalAtmosphereData.
WorldSettingData.cs::Initialize,internal,no,,,GlobalAtmosphereData?.Init(): initialises curves from XML.
WorldSettingData.cs::IsValid,none,no,,,World is invalid if GlobalAtmosphereData == null. Null check only.
